-- phpMyAdmin SQL Dump
-- version 3.5.1
-- http://www.phpmyadmin.net
--
-- Host: 127.0.0.1
-- Generation Time: Feb 09, 2017 at 11:43 PM
-- Server version: 5.5.25
-- PHP Version: 5.3.13

SET SQL_MODE="NO_AUTO_VALUE_ON_ZERO";
SET time_zone = "+00:00";


/*!40101 SET @OLD_CHARACTER_SET_CLIENT=@@CHARACTER_SET_CLIENT */;
/*!40101 SET @OLD_CHARACTER_SET_RESULTS=@@CHARACTER_SET_RESULTS */;
/*!40101 SET @OLD_COLLATION_CONNECTION=@@COLLATION_CONNECTION */;
/*!40101 SET NAMES utf8 */;

--
-- Database: `ishop`
--

-- --------------------------------------------------------

--
-- Table structure for table `brands`
--

CREATE TABLE IF NOT EXISTS `brands` (
  `brand_id` tinyint(3) unsigned NOT NULL AUTO_INCREMENT,
  `brand_name` varchar(255) NOT NULL,
  `parent_id` tinyint(3) unsigned NOT NULL DEFAULT '0',
  PRIMARY KEY (`brand_id`)
) ENGINE=MyISAM  DEFAULT CHARSET=utf8 AUTO_INCREMENT=20 ;

--
-- Dumping data for table `brands`
--

INSERT INTO `brands` (`brand_id`, `brand_name`, `parent_id`) VALUES
(1, 'Alcatel', 0),
(2, 'Ericsson', 0),
(3, 'LG', 0),
(4, 'Слайдеры', 3),
(5, 'Сенсоры', 3),
(6, 'Раскладушки', 1),
(7, 'Моноблок', 3),
(8, 'Samsung', 0),
(9, 'Motorola', 0),
(10, 'NEC', 0),
(11, 'Nokia', 0),
(12, 'Panasonic', 0),
(13, '2 SIM-карты', 11),
(14, 'Моноблок', 11),
(19, 'Iphone', 0);

-- --------------------------------------------------------

--
-- Table structure for table `customers`
--

CREATE TABLE IF NOT EXISTS `customers` (
  `customer_id` int(10) unsigned NOT NULL AUTO_INCREMENT,
  `name` varchar(255) NOT NULL,
  `email` varchar(255) NOT NULL,
  `phone` varchar(255) DEFAULT NULL,
  `address` varchar(255) DEFAULT NULL,
  `login` varchar(20) CHARACTER SET utf8 COLLATE utf8_bin DEFAULT NULL,
  `password` varchar(32) DEFAULT NULL,
  `id_role` tinyint(3) unsigned NOT NULL DEFAULT '1',
  PRIMARY KEY (`customer_id`)
) ENGINE=MyISAM  DEFAULT CHARSET=utf8 AUTO_INCREMENT=29 ;

--
-- Dumping data for table `customers`
--

INSERT INTO `customers` (`customer_id`, `name`, `email`, `phone`, `address`, `login`, `password`, `id_role`) VALUES
(3, 'Сидоров Сидор Сидорович', '3@3.com', '333-333', 'city 3', 'user2', '202cb962ac59075b964b07152d234b70', 1),
(5, 'Хакер', '4@4.com', '444-444', 'city 4', 'user3', '202cb962ac59075b964b07152d234b70', 1),
(6, 'Пупкин Вася', '5@5.ru', '555-555', 'city 5', 'loh2014', '202cb962ac59075b964b07152d234b70', 1),
(12, 'Гость 1', 'guest@mail.ru', '111', 'Адрес гостя', NULL, NULL, 1),
(13, 'Гость 2', 'guest2@mail.ru', '222', 'Адрес гостя 2', NULL, NULL, 1),
(14, 'Петечкин Петя', '6@6.ru', '666-666', 'city 6', 'user5', '202cb962ac59075b964b07152d234b70', 1),
(15, 'Гость 3', 'guest3@mail.ru', '333', 'Адрес гостя 3', NULL, NULL, 1),
(20, 'д''Артаньян', 'mail@mail.ru', '\\555\\ 555-55-55', 'город', 'O"Railly', '202cb962ac59075b964b07152d234b70', 1),
(21, 'д''Артаньян', 'mail@mail.ru', '\\555\\ 555-55-55', 'город', NULL, NULL, 1),
(23, 'Пичугин Виталий Владимирович', 'vexel1992@gmail.com', '0952500593', 'с. Новоивановка ул.Чкалова 33/1', 'vexel', '62afbc57ab75791a38f7d727efa90fc7', 2),
(24, 'Пичугин Виталий Владимирович', 'vexel1992@gmail.com', '+380992001312', 'село Петривка', NULL, NULL, 1),
(25, 'Санек Литвин Николаевич', 'vexel1992@gmail.com', '+380992001312', 'село Петривка', NULL, NULL, 1),
(26, 'Apple iPhone 7 Plus 256GB Jet Black', 'vexel1992@gmail.com', '2', '2', NULL, NULL, 1);

-- --------------------------------------------------------

--
-- Table structure for table `dostavka`
--

CREATE TABLE IF NOT EXISTS `dostavka` (
  `dostavka_id` tinyint(3) unsigned NOT NULL AUTO_INCREMENT,
  `name` varchar(255) NOT NULL,
  PRIMARY KEY (`dostavka_id`)
) ENGINE=MyISAM  DEFAULT CHARSET=utf8 AUTO_INCREMENT=5 ;

--
-- Dumping data for table `dostavka`
--

INSERT INTO `dostavka` (`dostavka_id`, `name`) VALUES
(1, 'Пересылка по почте'),
(2, 'Курьером'),
(3, 'Самовывоз'),
(4, 'Другое, по согласованию с менеджером');

-- --------------------------------------------------------

--
-- Table structure for table `goods`
--

CREATE TABLE IF NOT EXISTS `goods` (
  `goods_id` int(10) unsigned NOT NULL AUTO_INCREMENT,
  `name` varchar(255) NOT NULL,
  `keywords` varchar(255) NOT NULL,
  `description` varchar(255) NOT NULL,
  `img` varchar(255) NOT NULL DEFAULT 'no_image.jpg',
  `goods_brandid` tinyint(3) unsigned NOT NULL,
  `anons` text NOT NULL,
  `content` text NOT NULL,
  `visible` enum('0','1') NOT NULL DEFAULT '1',
  `hits` enum('0','1') NOT NULL DEFAULT '0',
  `new` enum('0','1') NOT NULL DEFAULT '0',
  `sale` enum('0','1') NOT NULL DEFAULT '0',
  `price` float NOT NULL DEFAULT '0',
  `date` date NOT NULL,
  `img_slide` varchar(255) DEFAULT NULL,
  PRIMARY KEY (`goods_id`),
  FULLTEXT KEY `name` (`name`)
) ENGINE=MyISAM  DEFAULT CHARSET=utf8 AUTO_INCREMENT=51 ;

--
-- Dumping data for table `goods`
--

INSERT INTO `goods` (`goods_id`, `name`, `keywords`, `description`, `img`, `goods_brandid`, `anons`, `content`, `visible`, `hits`, `new`, `sale`, `price`, `date`, `img_slide`) VALUES
(1, 'Alcatel OT890D', 'Ключевики', 'Описание', 'no_image.jpg', 6, '<p>Футуристичный смартфон Sony Xperia S под управлением ОС Android 2.3 Gingerbread с возможностью обновления до версии 4.0 Ice Cream Sandwich – первый из серии Xperia NXT, линейки смартфонов нового поколения.</p> \r\n\r\n<p>В нем объединились новейшие технологии и лучшие разработки Sony, достойный функционал и минималистичный дизайн.</p>', '<p>Футуристичный смартфон Sony Xperia S под управлением ОС Android 2.3 Gingerbread с возможностью обновления до версии 4.0 Ice Cream Sandwich – первый из серии Xperia NXT, линейки смартфонов нового поколения. В нем объединились новейшие технологии и лучшие разработки Sony, достойный функционал и минималистичный дизайн.</p> \r\n\r\n<p>Высокая производительность. Мощный двухъядерный процессор 1,5 ГГц Qualcomm Snapdragon MSM8260 гарантирует быстродействие любых игр и приложений.\r\nПревосходное качество изображения. 4,3-дюймовый HD 1280*720p экран Reality Display с технологией Mobile BRAVIA Engine обеспечивает потрясающие впечатления от просмотра изображений и видео с высоким разрешением.</p>\r\n\r\n<p>Удобство подключения к другим устройствам. Беспроводная связь на малых расстояниях (NFC) позволяет легко обмениваться информацией с другими пользователями и открывает доступ к многочисленным NFC-приложениям и услугам. Xperia S можно подключить к телевизору посредством Wi-Fi, DLNA, HDMI, а также использовать BRAVIA Sync для управления смартфоном с пульта ДУ телевизора.</p>', '1', '1', '0', '0', 5000, '2012-09-02', ''),
(2, 'Sony Xperia Acro S LT26W Black', 'Ключевики', 'Описание', 'phone-index.jpg', 2, '<p>Футуристичный смартфон Sony Xperia Acro S LT26W Black под управлением ОС Android 2.3 Gingerbread с возможностью обновления до версии 4.0 Ice Cream Sandwich – первый из серии Xperia NXT, линейки смартфонов нового поколения.</p> \r\n\r\n<p>В нем объединились новейшие технологии и лучшие разработки Sony, достойный функционал и минималистичный дизайн.</p>', '<p>Футуристичный смартфон Sony Xperia S под управлением ОС Android 2.3 Gingerbread с возможностью обновления до версии 4.0 Ice Cream Sandwich – первый из серии Xperia NXT, линейки смартфонов нового поколения. В нем объединились новейшие технологии и лучшие разработки Sony, достойный функционал и минималистичный дизайн.</p> \r\n\r\n<p>Высокая производительность. Мощный двухъядерный процессор 1,5 ГГц Qualcomm Snapdragon MSM8260 гарантирует быстродействие любых игр и приложений.\r\nПревосходное качество изображения. 4,3-дюймовый HD 1280*720p экран Reality Display с технологией Mobile BRAVIA Engine обеспечивает потрясающие впечатления от просмотра изображений и видео с высоким разрешением.</p>\r\n\r\n<p>Удобство подключения к другим устройствам. Беспроводная связь на малых расстояниях (NFC) позволяет легко обмениваться информацией с другими пользователями и открывает доступ к многочисленным NFC-приложениям и услугам. Xperia S можно подключить к телевизору посредством Wi-Fi, DLNA, HDMI, а также использовать BRAVIA Sync для управления смартфоном с пульта ДУ телевизора.</p>\r\n				\r\n				\r\n<div class="tech-harakt">\r\n					<h3>Технические характеристики</h3>\r\n\r\n<h4>Связь</h4>\r\n<ul>\r\n<li> - 3G  : Есть </li>\r\n<li> - EDGE  : Есть </li>\r\n<li> - Wi-Fi  : Есть (802.11 b/g/n)</li> \r\n</ul>\r\n\r\n<h4>Дисплей</h4>\r\n<ul>\r\n<li> - Тип дисплея  : TFT с LED подсветкой</li> \r\n<li> - Разрешение дисплея (пикс)  : 1280x720</li> \r\n<li> - Диагональ дисплея (дюйм)  : 4.3 </li>\r\n<li> - Сенсорный экран  : Есть </li>\r\n</ul>\r\n\r\n<h4>Система</h4>\r\n<ul>\r\n<li> - GPS-навигация  : Есть </li>\r\n<li> - Операционная система  : Android v2.3 </li>\r\n<li> - Частота проц. (МГц) : 1500 (Dual-core Qualcomm MSM8260 Snapdragon) </li>\r\n</ul>\r\n\r\n<h4>Мультимедиа</h4>\r\n<ul>\r\n<li> - Фотокамера : 12,1 Mпикс </li>\r\n<li> - Аудиоплеер : да </li>\r\n<li> - FM - радио : да </li>\r\n</ul>\r\n\r\n<h4>Корпус</h4>\r\n<ul>\r\n<li> - Тип корпуса : Классический </li>\r\n</ul>\r\n\r\n<h4>Память</h4>\r\n<ul>\r\n<li> - Встроенная память (Мб) : 32000</li>\r\n</ul>\r\n</div>', '1', '0', '1', '0', 10000, '2012-09-02', '2_1.jpg|2_2.jpg|2_3.jpg|2_4.jpg|2_5.jpg|2_6.jpg|2_7.jpg|2_8.jpg|2_9.jpg|2_10.jpg|2_3.jpg|2_4.jpg|2_5.jpg|2_6.jpg|2_7.jpg|2_8.jpg'),
(3, 'LG Optimus L5 dual sim E615 White', 'Ключевики', 'Описание', 'phone-index.jpg', 7, '<p>Футуристичный смартфон Sony Xperia S под управлением ОС Android 2.3 Gingerbread с возможностью обновления до версии 4.0 Ice Cream Sandwich – первый из серии Xperia NXT, линейки смартфонов нового поколения.</p> \r\n\r\n<p>В нем объединились новейшие технологии и лучшие разработки Sony, достойный функционал и минималистичный дизайн.</p>', '<p>Футуристичный смартфон Sony Xperia S под управлением ОС Android 2.3 Gingerbread с возможностью обновления до версии 4.0 Ice Cream Sandwich – первый из серии Xperia NXT, линейки смартфонов нового поколения. В нем объединились новейшие технологии и лучшие разработки Sony, достойный функционал и минималистичный дизайн.</p> \r\n\r\n<p>Высокая производительность. Мощный двухъядерный процессор 1,5 ГГц Qualcomm Snapdragon MSM8260 гарантирует быстродействие любых игр и приложений.\r\nПревосходное качество изображения. 4,3-дюймовый HD 1280*720p экран Reality Display с технологией Mobile BRAVIA Engine обеспечивает потрясающие впечатления от просмотра изображений и видео с высоким разрешением.</p>\r\n\r\n<p>Удобство подключения к другим устройствам. Беспроводная связь на малых расстояниях (NFC) позволяет легко обмениваться информацией с другими пользователями и открывает доступ к многочисленным NFC-приложениям и услугам. Xperia S можно подключить к телевизору посредством Wi-Fi, DLNA, HDMI, а также использовать BRAVIA Sync для управления смартфоном с пульта ДУ телевизора.</p>\r\n				\r\n				\r\n<div class="tech-harakt">\r\n					<h3>Технические характеристики</h3>\r\n\r\n<h4>Связь</h4>\r\n<ul>\r\n<li> - 3G  : Есть </li>\r\n<li> - EDGE  : Есть </li>\r\n<li> - Wi-Fi  : Есть (802.11 b/g/n)</li> \r\n</ul>\r\n\r\n<h4>Дисплей</h4>\r\n<ul>\r\n<li> - Тип дисплея  : TFT с LED подсветкой</li> \r\n<li> - Разрешение дисплея (пикс)  : 1280x720</li> \r\n<li> - Диагональ дисплея (дюйм)  : 4.3 </li>\r\n<li> - Сенсорный экран  : Есть </li>\r\n</ul>\r\n\r\n<h4>Система</h4>\r\n<ul>\r\n<li> - GPS-навигация  : Есть </li>\r\n<li> - Операционная система  : Android v2.3 </li>\r\n<li> - Частота проц. (МГц) : 1500 (Dual-core Qualcomm MSM8260 Snapdragon) </li>\r\n</ul>\r\n\r\n<h4>Мультимедиа</h4>\r\n<ul>\r\n<li> - Фотокамера : 12,1 Mпикс </li>\r\n<li> - Аудиоплеер : да </li>\r\n<li> - FM - радио : да </li>\r\n</ul>\r\n\r\n<h4>Корпус</h4>\r\n<ul>\r\n<li> - Тип корпуса : Классический </li>\r\n</ul>\r\n\r\n<h4>Память</h4>\r\n<ul>\r\n<li> - Встроенная память (Мб) : 32000</li>\r\n</ul>\r\n</div>', '1', '0', '0', '0', 12000, '2012-09-02', ''),
(4, 'LG Optimus L5 E612 Black', 'Ключевики', 'Описание', 'phone-index.jpg', 7, '<p>Футуристичный смартфон Sony Xperia S под управлением ОС Android 2.3 Gingerbread с возможностью обновления до версии 4.0 Ice Cream Sandwich – первый из серии Xperia NXT, линейки смартфонов нового поколения.</p> \r\n\r\n<p>В нем объединились новейшие технологии и лучшие разработки Sony, достойный функционал и минималистичный дизайн.</p>', '<p>Футуристичный смартфон Sony Xperia S под управлением ОС Android 2.3 Gingerbread с возможностью обновления до версии 4.0 Ice Cream Sandwich – первый из серии Xperia NXT, линейки смартфонов нового поколения. В нем объединились новейшие технологии и лучшие разработки Sony, достойный функционал и минималистичный дизайн.</p> \r\n\r\n<p>Высокая производительность. Мощный двухъядерный процессор 1,5 ГГц Qualcomm Snapdragon MSM8260 гарантирует быстродействие любых игр и приложений.\r\nПревосходное качество изображения. 4,3-дюймовый HD 1280*720p экран Reality Display с технологией Mobile BRAVIA Engine обеспечивает потрясающие впечатления от просмотра изображений и видео с высоким разрешением.</p>\r\n\r\n<p>Удобство подключения к другим устройствам. Беспроводная связь на малых расстояниях (NFC) позволяет легко обмениваться информацией с другими пользователями и открывает доступ к многочисленным NFC-приложениям и услугам. Xperia S можно подключить к телевизору посредством Wi-Fi, DLNA, HDMI, а также использовать BRAVIA Sync для управления смартфоном с пульта ДУ телевизора.</p>\r\n				\r\n				\r\n<div class="tech-harakt">\r\n					<h3>Технические характеристики</h3>\r\n\r\n<h4>Связь</h4>\r\n<ul>\r\n<li> - 3G  : Есть </li>\r\n<li> - EDGE  : Есть </li>\r\n<li> - Wi-Fi  : Есть (802.11 b/g/n)</li> \r\n</ul>\r\n\r\n<h4>Дисплей</h4>\r\n<ul>\r\n<li> - Тип дисплея  : TFT с LED подсветкой</li> \r\n<li> - Разрешение дисплея (пикс)  : 1280x720</li> \r\n<li> - Диагональ дисплея (дюйм)  : 4.3 </li>\r\n<li> - Сенсорный экран  : Есть </li>\r\n</ul>\r\n\r\n<h4>Система</h4>\r\n<ul>\r\n<li> - GPS-навигация  : Есть </li>\r\n<li> - Операционная система  : Android v2.3 </li>\r\n<li> - Частота проц. (МГц) : 1500 (Dual-core Qualcomm MSM8260 Snapdragon) </li>\r\n</ul>\r\n\r\n<h4>Мультимедиа</h4>\r\n<ul>\r\n<li> - Фотокамера : 12,1 Mпикс </li>\r\n<li> - Аудиоплеер : да </li>\r\n<li> - FM - радио : да </li>\r\n</ul>\r\n\r\n<h4>Корпус</h4>\r\n<ul>\r\n<li> - Тип корпуса : Классический </li>\r\n</ul>\r\n\r\n<h4>Память</h4>\r\n<ul>\r\n<li> - Встроенная память (Мб) : 32000</li>\r\n</ul>\r\n</div>', '1', '0', '1', '0', 13100, '2012-09-02', ''),
(5, 'LG P920 Optimus 3D', 'Ключевики', 'Описание', 'phone-index.jpg', 7, '<p>Футуристичный смартфон Sony Xperia S под управлением ОС Android 2.3 Gingerbread с возможностью обновления до версии 4.0 Ice Cream Sandwich – первый из серии Xperia NXT, линейки смартфонов нового поколения.</p> \r\n\r\n<p>В нем объединились новейшие технологии и лучшие разработки Sony, достойный функционал и минималистичный дизайн.</p>', '<p>Футуристичный смартфон Sony Xperia S под управлением ОС Android 2.3 Gingerbread с возможностью обновления до версии 4.0 Ice Cream Sandwich – первый из серии Xperia NXT, линейки смартфонов нового поколения. В нем объединились новейшие технологии и лучшие разработки Sony, достойный функционал и минималистичный дизайн.</p> \r\n\r\n<p>Высокая производительность. Мощный двухъядерный процессор 1,5 ГГц Qualcomm Snapdragon MSM8260 гарантирует быстродействие любых игр и приложений.\r\nПревосходное качество изображения. 4,3-дюймовый HD 1280*720p экран Reality Display с технологией Mobile BRAVIA Engine обеспечивает потрясающие впечатления от просмотра изображений и видео с высоким разрешением.</p>\r\n\r\n<p>Удобство подключения к другим устройствам. Беспроводная связь на малых расстояниях (NFC) позволяет легко обмениваться информацией с другими пользователями и открывает доступ к многочисленным NFC-приложениям и услугам. Xperia S можно подключить к телевизору посредством Wi-Fi, DLNA, HDMI, а также использовать BRAVIA Sync для управления смартфоном с пульта ДУ телевизора.</p>\r\n				\r\n				\r\n<div class="tech-harakt">\r\n					<h3>Технические характеристики</h3>\r\n\r\n<h4>Связь</h4>\r\n<ul>\r\n<li> - 3G  : Есть </li>\r\n<li> - EDGE  : Есть </li>\r\n<li> - Wi-Fi  : Есть (802.11 b/g/n)</li> \r\n</ul>\r\n\r\n<h4>Дисплей</h4>\r\n<ul>\r\n<li> - Тип дисплея  : TFT с LED подсветкой</li> \r\n<li> - Разрешение дисплея (пикс)  : 1280x720</li> \r\n<li> - Диагональ дисплея (дюйм)  : 4.3 </li>\r\n<li> - Сенсорный экран  : Есть </li>\r\n</ul>\r\n\r\n<h4>Система</h4>\r\n<ul>\r\n<li> - GPS-навигация  : Есть </li>\r\n<li> - Операционная система  : Android v2.3 </li>\r\n<li> - Частота проц. (МГц) : 1500 (Dual-core Qualcomm MSM8260 Snapdragon) </li>\r\n</ul>\r\n\r\n<h4>Мультимедиа</h4>\r\n<ul>\r\n<li> - Фотокамера : 12,1 Mпикс </li>\r\n<li> - Аудиоплеер : да </li>\r\n<li> - FM - радио : да </li>\r\n</ul>\r\n\r\n<h4>Корпус</h4>\r\n<ul>\r\n<li> - Тип корпуса : Классический </li>\r\n</ul>\r\n\r\n<h4>Память</h4>\r\n<ul>\r\n<li> - Встроенная память (Мб) : 32000</li>\r\n</ul>\r\n</div>', '1', '0', '0', '0', 15000, '2012-09-02', ''),
(6, 'Sony Xperia 32Gb (золотой)', 'Ключевики', 'Описание', 'phone-index.jpg', 2, '<p>Футуристичный смартфон Sony Xperia S под управлением ОС Android 2.3 Gingerbread с возможностью обновления до версии 4.0 Ice Cream Sandwich – первый из серии Xperia NXT, линейки смартфонов нового поколения.</p> \r\n\r\n<p>В нем объединились новейшие технологии и лучшие разработки Sony, достойный функционал и минималистичный дизайн.</p>', '<p>Футуристичный смартфон Sony Xperia S под управлением ОС Android 2.3 Gingerbread с возможностью обновления до версии 4.0 Ice Cream Sandwich – первый из серии Xperia NXT, линейки смартфонов нового поколения. В нем объединились новейшие технологии и лучшие разработки Sony, достойный функционал и минималистичный дизайн.</p> \r\n\r\n<p>Высокая производительность. Мощный двухъядерный процессор 1,5 ГГц Qualcomm Snapdragon MSM8260 гарантирует быстродействие любых игр и приложений.\r\nПревосходное качество изображения. 4,3-дюймовый HD 1280*720p экран Reality Display с технологией Mobile BRAVIA Engine обеспечивает потрясающие впечатления от просмотра изображений и видео с высоким разрешением.</p>\r\n\r\n<p>Удобство подключения к другим устройствам. Беспроводная связь на малых расстояниях (NFC) позволяет легко обмениваться информацией с другими пользователями и открывает доступ к многочисленным NFC-приложениям и услугам. Xperia S можно подключить к телевизору посредством Wi-Fi, DLNA, HDMI, а также использовать BRAVIA Sync для управления смартфоном с пульта ДУ телевизора.</p>\r\n				\r\n				\r\n<div class="tech-harakt">\r\n					<h3>Технические характеристики</h3>\r\n\r\n<h4>Связь</h4>\r\n<ul>\r\n<li> - 3G  : Есть </li>\r\n<li> - EDGE  : Есть </li>\r\n<li> - Wi-Fi  : Есть (802.11 b/g/n)</li> \r\n</ul>\r\n\r\n<h4>Дисплей</h4>\r\n<ul>\r\n<li> - Тип дисплея  : TFT с LED подсветкой</li> \r\n<li> - Разрешение дисплея (пикс)  : 1280x720</li> \r\n<li> - Диагональ дисплея (дюйм)  : 4.3 </li>\r\n<li> - Сенсорный экран  : Есть </li>\r\n</ul>\r\n\r\n<h4>Система</h4>\r\n<ul>\r\n<li> - GPS-навигация  : Есть </li>\r\n<li> - Операционная система  : Android v2.3 </li>\r\n<li> - Частота проц. (МГц) : 1500 (Dual-core Qualcomm MSM8260 Snapdragon) </li>\r\n</ul>\r\n\r\n<h4>Мультимедиа</h4>\r\n<ul>\r\n<li> - Фотокамера : 12,1 Mпикс </li>\r\n<li> - Аудиоплеер : да </li>\r\n<li> - FM - радио : да </li>\r\n</ul>\r\n\r\n<h4>Корпус</h4>\r\n<ul>\r\n<li> - Тип корпуса : Классический </li>\r\n</ul>\r\n\r\n<h4>Память</h4>\r\n<ul>\r\n<li> - Встроенная память (Мб) : 32000</li>\r\n</ul>\r\n</div>', '0', '0', '0', '0', 20000, '2012-09-02', ''),
(7, 'LG Optimus 4X HD P880', 'Ключевики', 'Описание', 'phone-index.jpg', 4, '<p>Футуристичный смартфон Sony Xperia S под управлением ОС Android 2.3 Gingerbread с возможностью обновления до версии 4.0 Ice Cream Sandwich – первый из серии Xperia NXT, линейки смартфонов нового поколения.</p> \r\n\r\n<p>В нем объединились новейшие технологии и лучшие разработки Sony, достойный функционал и минималистичный дизайн.</p>', '<p>Футуристичный смартфон Sony Xperia S под управлением ОС Android 2.3 Gingerbread с возможностью обновления до версии 4.0 Ice Cream Sandwich – первый из серии Xperia NXT, линейки смартфонов нового поколения. В нем объединились новейшие технологии и лучшие разработки Sony, достойный функционал и минималистичный дизайн.</p> \r\n\r\n<p>Высокая производительность. Мощный двухъядерный процессор 1,5 ГГц Qualcomm Snapdragon MSM8260 гарантирует быстродействие любых игр и приложений.\r\nПревосходное качество изображения. 4,3-дюймовый HD 1280*720p экран Reality Display с технологией Mobile BRAVIA Engine обеспечивает потрясающие впечатления от просмотра изображений и видео с высоким разрешением.</p>\r\n\r\n<p>Удобство подключения к другим устройствам. Беспроводная связь на малых расстояниях (NFC) позволяет легко обмениваться информацией с другими пользователями и открывает доступ к многочисленным NFC-приложениям и услугам. Xperia S можно подключить к телевизору посредством Wi-Fi, DLNA, HDMI, а также использовать BRAVIA Sync для управления смартфоном с пульта ДУ телевизора.</p>\r\n				\r\n				\r\n<div class="tech-harakt">\r\n					<h3>Технические характеристики</h3>\r\n\r\n<h4>Связь</h4>\r\n<ul>\r\n<li> - 3G  : Есть </li>\r\n<li> - EDGE  : Есть </li>\r\n<li> - Wi-Fi  : Есть (802.11 b/g/n)</li> \r\n</ul>\r\n\r\n<h4>Дисплей</h4>\r\n<ul>\r\n<li> - Тип дисплея  : TFT с LED подсветкой</li> \r\n<li> - Разрешение дисплея (пикс)  : 1280x720</li> \r\n<li> - Диагональ дисплея (дюйм)  : 4.3 </li>\r\n<li> - Сенсорный экран  : Есть </li>\r\n</ul>\r\n\r\n<h4>Система</h4>\r\n<ul>\r\n<li> - GPS-навигация  : Есть </li>\r\n<li> - Операционная система  : Android v2.3 </li>\r\n<li> - Частота проц. (МГц) : 1500 (Dual-core Qualcomm MSM8260 Snapdragon) </li>\r\n</ul>\r\n\r\n<h4>Мультимедиа</h4>\r\n<ul>\r\n<li> - Фотокамера : 12,1 Mпикс </li>\r\n<li> - Аудиоплеер : да </li>\r\n<li> - FM - радио : да </li>\r\n</ul>\r\n\r\n<h4>Корпус</h4>\r\n<ul>\r\n<li> - Тип корпуса : Классический </li>\r\n</ul>\r\n\r\n<h4>Память</h4>\r\n<ul>\r\n<li> - Встроенная память (Мб) : 32000</li>\r\n</ul>\r\n</div>', '1', '0', '0', '0', 17000, '2012-09-02', ''),
(8, 'Sony XperiaTipo Dual ST21i2 Black', 'Ключевики', 'Описание', 'phone-index.jpg', 2, '<p>Футуристичный смартфон Sony Xperia S под управлением ОС Android 2.3 Gingerbread с возможностью обновления до версии 4.0 Ice Cream Sandwich – первый из серии Xperia NXT, линейки смартфонов нового поколения.</p> \r\n\r\n<p>В нем объединились новейшие технологии и лучшие разработки Sony, достойный функционал и минималистичный дизайн.</p>', '<p>Футуристичный смартфон Sony Xperia S под управлением ОС Android 2.3 Gingerbread с возможностью обновления до версии 4.0 Ice Cream Sandwich – первый из серии Xperia NXT, линейки смартфонов нового поколения. В нем объединились новейшие технологии и лучшие разработки Sony, достойный функционал и минималистичный дизайн.</p> \r\n\r\n<p>Высокая производительность. Мощный двухъядерный процессор 1,5 ГГц Qualcomm Snapdragon MSM8260 гарантирует быстродействие любых игр и приложений.\r\nПревосходное качество изображения. 4,3-дюймовый HD 1280*720p экран Reality Display с технологией Mobile BRAVIA Engine обеспечивает потрясающие впечатления от просмотра изображений и видео с высоким разрешением.</p>\r\n\r\n<p>Удобство подключения к другим устройствам. Беспроводная связь на малых расстояниях (NFC) позволяет легко обмениваться информацией с другими пользователями и открывает доступ к многочисленным NFC-приложениям и услугам. Xperia S можно подключить к телевизору посредством Wi-Fi, DLNA, HDMI, а также использовать BRAVIA Sync для управления смартфоном с пульта ДУ телевизора.</p>\r\n				\r\n				\r\n<div class="tech-harakt">\r\n					<h3>Технические характеристики</h3>\r\n\r\n<h4>Связь</h4>\r\n<ul>\r\n<li> - 3G  : Есть </li>\r\n<li> - EDGE  : Есть </li>\r\n<li> - Wi-Fi  : Есть (802.11 b/g/n)</li> \r\n</ul>\r\n\r\n<h4>Дисплей</h4>\r\n<ul>\r\n<li> - Тип дисплея  : TFT с LED подсветкой</li> \r\n<li> - Разрешение дисплея (пикс)  : 1280x720</li> \r\n<li> - Диагональ дисплея (дюйм)  : 4.3 </li>\r\n<li> - Сенсорный экран  : Есть </li>\r\n</ul>\r\n\r\n<h4>Система</h4>\r\n<ul>\r\n<li> - GPS-навигация  : Есть </li>\r\n<li> - Операционная система  : Android v2.3 </li>\r\n<li> - Частота проц. (МГц) : 1500 (Dual-core Qualcomm MSM8260 Snapdragon) </li>\r\n</ul>\r\n\r\n<h4>Мультимедиа</h4>\r\n<ul>\r\n<li> - Фотокамера : 12,1 Mпикс </li>\r\n<li> - Аудиоплеер : да </li>\r\n<li> - FM - радио : да </li>\r\n</ul>\r\n\r\n<h4>Корпус</h4>\r\n<ul>\r\n<li> - Тип корпуса : Классический </li>\r\n</ul>\r\n\r\n<h4>Память</h4>\r\n<ul>\r\n<li> - Встроенная память (Мб) : 32000</li>\r\n</ul>\r\n</div>', '1', '0', '0', '0', 9000, '2012-09-02', ''),
(9, 'LG Fantasy E740', 'Ключевики', 'Описание', 'phone-index.jpg', 4, '<p>Футуристичный смартфон Sony Xperia S под управлением ОС Android 2.3 Gingerbread с возможностью обновления до версии 4.0 Ice Cream Sandwich – первый из серии Xperia NXT, линейки смартфонов нового поколения.</p> \r\n\r\n<p>В нем объединились новейшие технологии и лучшие разработки Sony, достойный функционал и минималистичный дизайн.</p>', '<p>Футуристичный смартфон Sony Xperia S под управлением ОС Android 2.3 Gingerbread с возможностью обновления до версии 4.0 Ice Cream Sandwich – первый из серии Xperia NXT, линейки смартфонов нового поколения. В нем объединились новейшие технологии и лучшие разработки Sony, достойный функционал и минималистичный дизайн.</p> \r\n\r\n<p>Высокая производительность. Мощный двухъядерный процессор 1,5 ГГц Qualcomm Snapdragon MSM8260 гарантирует быстродействие любых игр и приложений.\r\nПревосходное качество изображения. 4,3-дюймовый HD 1280*720p экран Reality Display с технологией Mobile BRAVIA Engine обеспечивает потрясающие впечатления от просмотра изображений и видео с высоким разрешением.</p>\r\n\r\n<p>Удобство подключения к другим устройствам. Беспроводная связь на малых расстояниях (NFC) позволяет легко обмениваться информацией с другими пользователями и открывает доступ к многочисленным NFC-приложениям и услугам. Xperia S можно подключить к телевизору посредством Wi-Fi, DLNA, HDMI, а также использовать BRAVIA Sync для управления смартфоном с пульта ДУ телевизора.</p>\r\n				\r\n				\r\n<div class="tech-harakt">\r\n					<h3>Технические характеристики</h3>\r\n\r\n<h4>Связь</h4>\r\n<ul>\r\n<li> - 3G  : Есть </li>\r\n<li> - EDGE  : Есть </li>\r\n<li> - Wi-Fi  : Есть (802.11 b/g/n)</li> \r\n</ul>\r\n\r\n<h4>Дисплей</h4>\r\n<ul>\r\n<li> - Тип дисплея  : TFT с LED подсветкой</li> \r\n<li> - Разрешение дисплея (пикс)  : 1280x720</li> \r\n<li> - Диагональ дисплея (дюйм)  : 4.3 </li>\r\n<li> - Сенсорный экран  : Есть </li>\r\n</ul>\r\n\r\n<h4>Система</h4>\r\n<ul>\r\n<li> - GPS-навигация  : Есть </li>\r\n<li> - Операционная система  : Android v2.3 </li>\r\n<li> - Частота проц. (МГц) : 1500 (Dual-core Qualcomm MSM8260 Snapdragon) </li>\r\n</ul>\r\n\r\n<h4>Мультимедиа</h4>\r\n<ul>\r\n<li> - Фотокамера : 12,1 Mпикс </li>\r\n<li> - Аудиоплеер : да </li>\r\n<li> - FM - радио : да </li>\r\n</ul>\r\n\r\n<h4>Корпус</h4>\r\n<ul>\r\n<li> - Тип корпуса : Классический </li>\r\n</ul>\r\n\r\n<h4>Память</h4>\r\n<ul>\r\n<li> - Встроенная память (Мб) : 32000</li>\r\n</ul>\r\n</div>', '1', '0', '0', '0', 7500, '2012-09-02', ''),
(10, 'Sony Xperia P LT22i Silver', 'Ключевики', 'Описание', 'phone-index.jpg', 2, '<p>Футуристичный смартфон Sony Xperia S под управлением ОС Android 2.3 Gingerbread с возможностью обновления до версии 4.0 Ice Cream Sandwich – первый из серии Xperia NXT, линейки смартфонов нового поколения.</p> \r\n\r\n<p>В нем объединились новейшие технологии и лучшие разработки Sony, достойный функционал и минималистичный дизайн.</p>', '<p>Футуристичный смартфон Sony Xperia S под управлением ОС Android 2.3 Gingerbread с возможностью обновления до версии 4.0 Ice Cream Sandwich – первый из серии Xperia NXT, линейки смартфонов нового поколения. В нем объединились новейшие технологии и лучшие разработки Sony, достойный функционал и минималистичный дизайн.</p> \r\n\r\n<p>Высокая производительность. Мощный двухъядерный процессор 1,5 ГГц Qualcomm Snapdragon MSM8260 гарантирует быстродействие любых игр и приложений.\r\nПревосходное качество изображения. 4,3-дюймовый HD 1280*720p экран Reality Display с технологией Mobile BRAVIA Engine обеспечивает потрясающие впечатления от просмотра изображений и видео с высоким разрешением.</p>\r\n\r\n<p>Удобство подключения к другим устройствам. Беспроводная связь на малых расстояниях (NFC) позволяет легко обмениваться информацией с другими пользователями и открывает доступ к многочисленным NFC-приложениям и услугам. Xperia S можно подключить к телевизору посредством Wi-Fi, DLNA, HDMI, а также использовать BRAVIA Sync для управления смартфоном с пульта ДУ телевизора.</p>\r\n				\r\n				\r\n<div class="tech-harakt">\r\n					<h3>Технические характеристики</h3>\r\n\r\n<h4>Связь</h4>\r\n<ul>\r\n<li> - 3G  : Есть </li>\r\n<li> - EDGE  : Есть </li>\r\n<li> - Wi-Fi  : Есть (802.11 b/g/n)</li> \r\n</ul>\r\n\r\n<h4>Дисплей</h4>\r\n<ul>\r\n<li> - Тип дисплея  : TFT с LED подсветкой</li> \r\n<li> - Разрешение дисплея (пикс)  : 1280x720</li> \r\n<li> - Диагональ дисплея (дюйм)  : 4.3 </li>\r\n<li> - Сенсорный экран  : Есть </li>\r\n</ul>\r\n\r\n<h4>Система</h4>\r\n<ul>\r\n<li> - GPS-навигация  : Есть </li>\r\n<li> - Операционная система  : Android v2.3 </li>\r\n<li> - Частота проц. (МГц) : 1500 (Dual-core Qualcomm MSM8260 Snapdragon) </li>\r\n</ul>\r\n\r\n<h4>Мультимедиа</h4>\r\n<ul>\r\n<li> - Фотокамера : 12,1 Mпикс </li>\r\n<li> - Аудиоплеер : да </li>\r\n<li> - FM - радио : да </li>\r\n</ul>\r\n\r\n<h4>Корпус</h4>\r\n<ul>\r\n<li> - Тип корпуса : Классический </li>\r\n</ul>\r\n\r\n<h4>Память</h4>\r\n<ul>\r\n<li> - Встроенная память (Мб) : 32000</li>\r\n</ul>\r\n</div>', '1', '1', '0', '0', 21000, '2012-09-02', ''),
(11, 'Nokia Lumia 610 Black', 'Ключевики', 'Описание', 'phone-index.jpg', 14, '<p>Футуристичный смартфон Sony Xperia S под управлением ОС Android 2.3 Gingerbread с возможностью обновления до версии 4.0 Ice Cream Sandwich – первый из серии Xperia NXT, линейки смартфонов нового поколения.</p> \r\n\r\n<p>В нем объединились новейшие технологии и лучшие разработки Sony, достойный функционал и минималистичный дизайн.</p>', '<p>Футуристичный смартфон Sony Xperia S под управлением ОС Android 2.3 Gingerbread с возможностью обновления до версии 4.0 Ice Cream Sandwich – первый из серии Xperia NXT, линейки смартфонов нового поколения. В нем объединились новейшие технологии и лучшие разработки Sony, достойный функционал и минималистичный дизайн.</p> \r\n\r\n<p>Высокая производительность. Мощный двухъядерный процессор 1,5 ГГц Qualcomm Snapdragon MSM8260 гарантирует быстродействие любых игр и приложений.\r\nПревосходное качество изображения. 4,3-дюймовый HD 1280*720p экран Reality Display с технологией Mobile BRAVIA Engine обеспечивает потрясающие впечатления от просмотра изображений и видео с высоким разрешением.</p>\r\n\r\n<p>Удобство подключения к другим устройствам. Беспроводная связь на малых расстояниях (NFC) позволяет легко обмениваться информацией с другими пользователями и открывает доступ к многочисленным NFC-приложениям и услугам. Xperia S можно подключить к телевизору посредством Wi-Fi, DLNA, HDMI, а также использовать BRAVIA Sync для управления смартфоном с пульта ДУ телевизора.</p>\r\n				\r\n				\r\n<div class="tech-harakt">\r\n					<h3>Технические характеристики</h3>\r\n\r\n<h4>Связь</h4>\r\n<ul>\r\n<li> - 3G  : Есть </li>\r\n<li> - EDGE  : Есть </li>\r\n<li> - Wi-Fi  : Есть (802.11 b/g/n)</li> \r\n</ul>\r\n\r\n<h4>Дисплей</h4>\r\n<ul>\r\n<li> - Тип дисплея  : TFT с LED подсветкой</li> \r\n<li> - Разрешение дисплея (пикс)  : 1280x720</li> \r\n<li> - Диагональ дисплея (дюйм)  : 4.3 </li>\r\n<li> - Сенсорный экран  : Есть </li>\r\n</ul>\r\n\r\n<h4>Система</h4>\r\n<ul>\r\n<li> - GPS-навигация  : Есть </li>\r\n<li> - Операционная система  : Android v2.3 </li>\r\n<li> - Частота проц. (МГц) : 1500 (Dual-core Qualcomm MSM8260 Snapdragon) </li>\r\n</ul>\r\n\r\n<h4>Мультимедиа</h4>\r\n<ul>\r\n<li> - Фотокамера : 12,1 Mпикс </li>\r\n<li> - Аудиоплеер : да </li>\r\n<li> - FM - радио : да </li>\r\n</ul>\r\n\r\n<h4>Корпус</h4>\r\n<ul>\r\n<li> - Тип корпуса : Классический </li>\r\n</ul>\r\n\r\n<h4>Память</h4>\r\n<ul>\r\n<li> - Встроенная память (Мб) : 32000</li>\r\n</ul>\r\n</div>', '0', '1', '0', '0', 6000, '2012-09-02', ''),
(12, 'Nokia Lumia 710 Black', 'Ключевики', 'Описание', 'phone-index.jpg', 14, '<p>Футуристичный смартфон Sony Xperia S под управлением ОС Android 2.3 Gingerbread с возможностью обновления до версии 4.0 Ice Cream Sandwich – первый из серии Xperia NXT, линейки смартфонов нового поколения.</p> \r\n\r\n<p>В нем объединились новейшие технологии и лучшие разработки Sony, достойный функционал и минималистичный дизайн.</p>', '<p>Футуристичный смартфон Sony Xperia S под управлением ОС Android 2.3 Gingerbread с возможностью обновления до версии 4.0 Ice Cream Sandwich – первый из серии Xperia NXT, линейки смартфонов нового поколения. В нем объединились новейшие технологии и лучшие разработки Sony, достойный функционал и минималистичный дизайн.</p> \r\n\r\n<p>Высокая производительность. Мощный двухъядерный процессор 1,5 ГГц Qualcomm Snapdragon MSM8260 гарантирует быстродействие любых игр и приложений.\r\nПревосходное качество изображения. 4,3-дюймовый HD 1280*720p экран Reality Display с технологией Mobile BRAVIA Engine обеспечивает потрясающие впечатления от просмотра изображений и видео с высоким разрешением.</p>\r\n\r\n<p>Удобство подключения к другим устройствам. Беспроводная связь на малых расстояниях (NFC) позволяет легко обмениваться информацией с другими пользователями и открывает доступ к многочисленным NFC-приложениям и услугам. Xperia S можно подключить к телевизору посредством Wi-Fi, DLNA, HDMI, а также использовать BRAVIA Sync для управления смартфоном с пульта ДУ телевизора.</p>\r\n				\r\n				\r\n<div class="tech-harakt">\r\n					<h3>Технические характеристики</h3>\r\n\r\n<h4>Связь</h4>\r\n<ul>\r\n<li> - 3G  : Есть </li>\r\n<li> - EDGE  : Есть </li>\r\n<li> - Wi-Fi  : Есть (802.11 b/g/n)</li> \r\n</ul>\r\n\r\n<h4>Дисплей</h4>\r\n<ul>\r\n<li> - Тип дисплея  : TFT с LED подсветкой</li> \r\n<li> - Разрешение дисплея (пикс)  : 1280x720</li> \r\n<li> - Диагональ дисплея (дюйм)  : 4.3 </li>\r\n<li> - Сенсорный экран  : Есть </li>\r\n</ul>\r\n\r\n<h4>Система</h4>\r\n<ul>\r\n<li> - GPS-навигация  : Есть </li>\r\n<li> - Операционная система  : Android v2.3 </li>\r\n<li> - Частота проц. (МГц) : 1500 (Dual-core Qualcomm MSM8260 Snapdragon) </li>\r\n</ul>\r\n\r\n<h4>Мультимедиа</h4>\r\n<ul>\r\n<li> - Фотокамера : 12,1 Mпикс </li>\r\n<li> - Аудиоплеер : да </li>\r\n<li> - FM - радио : да </li>\r\n</ul>\r\n\r\n<h4>Корпус</h4>\r\n<ul>\r\n<li> - Тип корпуса : Классический </li>\r\n</ul>\r\n\r\n<h4>Память</h4>\r\n<ul>\r\n<li> - Встроенная память (Мб) : 32000</li>\r\n</ul>\r\n</div>', '1', '1', '1', '1', 15650, '2012-09-02', ''),
(13, 'Nokia C2-06 Lilac', 'Ключевики', 'Описание', 'phone-index.jpg', 13, '<p>Футуристичный смартфон Sony Xperia S под управлением ОС Android 2.3 Gingerbread с возможностью обновления до версии 4.0 Ice Cream Sandwich – первый из серии Xperia NXT, линейки смартфонов нового поколения.</p> \r\n\r\n<p>В нем объединились новейшие технологии и лучшие разработки Sony, достойный функционал и минималистичный дизайн.</p>', '<p>Футуристичный смартфон Sony Xperia S под управлением ОС Android 2.3 Gingerbread с возможностью обновления до версии 4.0 Ice Cream Sandwich – первый из серии Xperia NXT, линейки смартфонов нового поколения. В нем объединились новейшие технологии и лучшие разработки Sony, достойный функционал и минималистичный дизайн.</p> \r\n\r\n<p>Высокая производительность. Мощный двухъядерный процессор 1,5 ГГц Qualcomm Snapdragon MSM8260 гарантирует быстродействие любых игр и приложений.\r\nПревосходное качество изображения. 4,3-дюймовый HD 1280*720p экран Reality Display с технологией Mobile BRAVIA Engine обеспечивает потрясающие впечатления от просмотра изображений и видео с высоким разрешением.</p>\r\n\r\n<p>Удобство подключения к другим устройствам. Беспроводная связь на малых расстояниях (NFC) позволяет легко обмениваться информацией с другими пользователями и открывает доступ к многочисленным NFC-приложениям и услугам. Xperia S можно подключить к телевизору посредством Wi-Fi, DLNA, HDMI, а также использовать BRAVIA Sync для управления смартфоном с пульта ДУ телевизора.</p>\r\n				\r\n				\r\n<div class="tech-harakt">\r\n					<h3>Технические характеристики</h3>\r\n\r\n<h4>Связь</h4>\r\n<ul>\r\n<li> - 3G  : Есть </li>\r\n<li> - EDGE  : Есть </li>\r\n<li> - Wi-Fi  : Есть (802.11 b/g/n)</li> \r\n</ul>\r\n\r\n<h4>Дисплей</h4>\r\n<ul>\r\n<li> - Тип дисплея  : TFT с LED подсветкой</li> \r\n<li> - Разрешение дисплея (пикс)  : 1280x720</li> \r\n<li> - Диагональ дисплея (дюйм)  : 4.3 </li>\r\n<li> - Сенсорный экран  : Есть </li>\r\n</ul>\r\n\r\n<h4>Система</h4>\r\n<ul>\r\n<li> - GPS-навигация  : Есть </li>\r\n<li> - Операционная система  : Android v2.3 </li>\r\n<li> - Частота проц. (МГц) : 1500 (Dual-core Qualcomm MSM8260 Snapdragon) </li>\r\n</ul>\r\n\r\n<h4>Мультимедиа</h4>\r\n<ul>\r\n<li> - Фотокамера : 12,1 Mпикс </li>\r\n<li> - Аудиоплеер : да </li>\r\n<li> - FM - радио : да </li>\r\n</ul>\r\n\r\n<h4>Корпус</h4>\r\n<ul>\r\n<li> - Тип корпуса : Классический </li>\r\n</ul>\r\n\r\n<h4>Память</h4>\r\n<ul>\r\n<li> - Встроенная память (Мб) : 32000</li>\r\n</ul>\r\n</div>', '1', '1', '0', '0', 9400, '2012-09-02', '');
INSERT INTO `goods` (`goods_id`, `name`, `keywords`, `description`, `img`, `goods_brandid`, `anons`, `content`, `visible`, `hits`, `new`, `sale`, `price`, `date`, `img_slide`) VALUES
(14, 'Nokia Lumia 800 Black', 'Ключевики', 'Описание', 'phone-index.jpg', 14, '<p>Футуристичный смартфон Sony Xperia S под управлением ОС Android 2.3 Gingerbread с возможностью обновления до версии 4.0 Ice Cream Sandwich – первый из серии Xperia NXT, линейки смартфонов нового поколения.</p> \r\n\r\n<p>В нем объединились новейшие технологии и лучшие разработки Sony, достойный функционал и минималистичный дизайн.</p>', '<p>Футуристичный смартфон Sony Xperia S под управлением ОС Android 2.3 Gingerbread с возможностью обновления до версии 4.0 Ice Cream Sandwich – первый из серии Xperia NXT, линейки смартфонов нового поколения. В нем объединились новейшие технологии и лучшие разработки Sony, достойный функционал и минималистичный дизайн.</p> \r\n\r\n<p>Высокая производительность. Мощный двухъядерный процессор 1,5 ГГц Qualcomm Snapdragon MSM8260 гарантирует быстродействие любых игр и приложений.\r\nПревосходное качество изображения. 4,3-дюймовый HD 1280*720p экран Reality Display с технологией Mobile BRAVIA Engine обеспечивает потрясающие впечатления от просмотра изображений и видео с высоким разрешением.</p>\r\n\r\n<p>Удобство подключения к другим устройствам. Беспроводная связь на малых расстояниях (NFC) позволяет легко обмениваться информацией с другими пользователями и открывает доступ к многочисленным NFC-приложениям и услугам. Xperia S можно подключить к телевизору посредством Wi-Fi, DLNA, HDMI, а также использовать BRAVIA Sync для управления смартфоном с пульта ДУ телевизора.</p>\r\n				\r\n				\r\n<div class="tech-harakt">\r\n					<h3>Технические характеристики</h3>\r\n\r\n<h4>Связь</h4>\r\n<ul>\r\n<li> - 3G  : Есть </li>\r\n<li> - EDGE  : Есть </li>\r\n<li> - Wi-Fi  : Есть (802.11 b/g/n)</li> \r\n</ul>\r\n\r\n<h4>Дисплей</h4>\r\n<ul>\r\n<li> - Тип дисплея  : TFT с LED подсветкой</li> \r\n<li> - Разрешение дисплея (пикс)  : 1280x720</li> \r\n<li> - Диагональ дисплея (дюйм)  : 4.3 </li>\r\n<li> - Сенсорный экран  : Есть </li>\r\n</ul>\r\n\r\n<h4>Система</h4>\r\n<ul>\r\n<li> - GPS-навигация  : Есть </li>\r\n<li> - Операционная система  : Android v2.3 </li>\r\n<li> - Частота проц. (МГц) : 1500 (Dual-core Qualcomm MSM8260 Snapdragon) </li>\r\n</ul>\r\n\r\n<h4>Мультимедиа</h4>\r\n<ul>\r\n<li> - Фотокамера : 12,1 Mпикс </li>\r\n<li> - Аудиоплеер : да </li>\r\n<li> - FM - радио : да </li>\r\n</ul>\r\n\r\n<h4>Корпус</h4>\r\n<ul>\r\n<li> - Тип корпуса : Классический </li>\r\n</ul>\r\n\r\n<h4>Память</h4>\r\n<ul>\r\n<li> - Встроенная память (Мб) : 32000</li>\r\n</ul>\r\n</div>', '1', '0', '0', '0', 13230, '2012-09-02', ''),
(15, 'Nokia Lumia 900 Black', 'Ключевики', 'Описание', 'phone-index.jpg', 14, '<p>Футуристичный смартфон Sony Xperia S под управлением ОС Android 2.3 Gingerbread с возможностью обновления до версии 4.0 Ice Cream Sandwich – первый из серии Xperia NXT, линейки смартфонов нового поколения.</p> \r\n\r\n<p>В нем объединились новейшие технологии и лучшие разработки Sony, достойный функционал и минималистичный дизайн.</p>', '<p>Футуристичный смартфон Sony Xperia S под управлением ОС Android 2.3 Gingerbread с возможностью обновления до версии 4.0 Ice Cream Sandwich – первый из серии Xperia NXT, линейки смартфонов нового поколения. В нем объединились новейшие технологии и лучшие разработки Sony, достойный функционал и минималистичный дизайн.</p> \r\n\r\n<p>Высокая производительность. Мощный двухъядерный процессор 1,5 ГГц Qualcomm Snapdragon MSM8260 гарантирует быстродействие любых игр и приложений.\r\nПревосходное качество изображения. 4,3-дюймовый HD 1280*720p экран Reality Display с технологией Mobile BRAVIA Engine обеспечивает потрясающие впечатления от просмотра изображений и видео с высоким разрешением.</p>\r\n\r\n<p>Удобство подключения к другим устройствам. Беспроводная связь на малых расстояниях (NFC) позволяет легко обмениваться информацией с другими пользователями и открывает доступ к многочисленным NFC-приложениям и услугам. Xperia S можно подключить к телевизору посредством Wi-Fi, DLNA, HDMI, а также использовать BRAVIA Sync для управления смартфоном с пульта ДУ телевизора.</p>\r\n				\r\n				\r\n<div class="tech-harakt">\r\n					<h3>Технические характеристики</h3>\r\n\r\n<h4>Связь</h4>\r\n<ul>\r\n<li> - 3G  : Есть </li>\r\n<li> - EDGE  : Есть </li>\r\n<li> - Wi-Fi  : Есть (802.11 b/g/n)</li> \r\n</ul>\r\n\r\n<h4>Дисплей</h4>\r\n<ul>\r\n<li> - Тип дисплея  : TFT с LED подсветкой</li> \r\n<li> - Разрешение дисплея (пикс)  : 1280x720</li> \r\n<li> - Диагональ дисплея (дюйм)  : 4.3 </li>\r\n<li> - Сенсорный экран  : Есть </li>\r\n</ul>\r\n\r\n<h4>Система</h4>\r\n<ul>\r\n<li> - GPS-навигация  : Есть </li>\r\n<li> - Операционная система  : Android v2.3 </li>\r\n<li> - Частота проц. (МГц) : 1500 (Dual-core Qualcomm MSM8260 Snapdragon) </li>\r\n</ul>\r\n\r\n<h4>Мультимедиа</h4>\r\n<ul>\r\n<li> - Фотокамера : 12,1 Mпикс </li>\r\n<li> - Аудиоплеер : да </li>\r\n<li> - FM - радио : да </li>\r\n</ul>\r\n\r\n<h4>Корпус</h4>\r\n<ul>\r\n<li> - Тип корпуса : Классический </li>\r\n</ul>\r\n\r\n<h4>Память</h4>\r\n<ul>\r\n<li> - Встроенная память (Мб) : 32000</li>\r\n</ul>\r\n</div>', '1', '0', '1', '0', 10000, '2012-09-02', ''),
(16, 'Nokia Lumia 900 White', 'Ключевики', 'Описание', 'phone-index.jpg', 14, '<p>Футуристичный смартфон Sony Xperia S под управлением ОС Android 2.3 Gingerbread с возможностью обновления до версии 4.0 Ice Cream Sandwich – первый из серии Xperia NXT, линейки смартфонов нового поколения.</p> \r\n\r\n<p>В нем объединились новейшие технологии и лучшие разработки Sony, достойный функционал и минималистичный дизайн.</p>', '<p>Футуристичный смартфон Sony Xperia S под управлением ОС Android 2.3 Gingerbread с возможностью обновления до версии 4.0 Ice Cream Sandwich – первый из серии Xperia NXT, линейки смартфонов нового поколения. В нем объединились новейшие технологии и лучшие разработки Sony, достойный функционал и минималистичный дизайн.</p> \r\n\r\n<p>Высокая производительность. Мощный двухъядерный процессор 1,5 ГГц Qualcomm Snapdragon MSM8260 гарантирует быстродействие любых игр и приложений.\r\nПревосходное качество изображения. 4,3-дюймовый HD 1280*720p экран Reality Display с технологией Mobile BRAVIA Engine обеспечивает потрясающие впечатления от просмотра изображений и видео с высоким разрешением.</p>\r\n\r\n<p>Удобство подключения к другим устройствам. Беспроводная связь на малых расстояниях (NFC) позволяет легко обмениваться информацией с другими пользователями и открывает доступ к многочисленным NFC-приложениям и услугам. Xperia S можно подключить к телевизору посредством Wi-Fi, DLNA, HDMI, а также использовать BRAVIA Sync для управления смартфоном с пульта ДУ телевизора.</p>\r\n				\r\n				\r\n<div class="tech-harakt">\r\n					<h3>Технические характеристики</h3>\r\n\r\n<h4>Связь</h4>\r\n<ul>\r\n<li> - 3G  : Есть </li>\r\n<li> - EDGE  : Есть </li>\r\n<li> - Wi-Fi  : Есть (802.11 b/g/n)</li> \r\n</ul>\r\n\r\n<h4>Дисплей</h4>\r\n<ul>\r\n<li> - Тип дисплея  : TFT с LED подсветкой</li> \r\n<li> - Разрешение дисплея (пикс)  : 1280x720</li> \r\n<li> - Диагональ дисплея (дюйм)  : 4.3 </li>\r\n<li> - Сенсорный экран  : Есть </li>\r\n</ul>\r\n\r\n<h4>Система</h4>\r\n<ul>\r\n<li> - GPS-навигация  : Есть </li>\r\n<li> - Операционная система  : Android v2.3 </li>\r\n<li> - Частота проц. (МГц) : 1500 (Dual-core Qualcomm MSM8260 Snapdragon) </li>\r\n</ul>\r\n\r\n<h4>Мультимедиа</h4>\r\n<ul>\r\n<li> - Фотокамера : 12,1 Mпикс </li>\r\n<li> - Аудиоплеер : да </li>\r\n<li> - FM - радио : да </li>\r\n</ul>\r\n\r\n<h4>Корпус</h4>\r\n<ul>\r\n<li> - Тип корпуса : Классический </li>\r\n</ul>\r\n\r\n<h4>Память</h4>\r\n<ul>\r\n<li> - Встроенная память (Мб) : 32000</li>\r\n</ul>\r\n</div>', '0', '1', '1', '1', 16000, '2012-09-16', ''),
(17, 'Nokia 500 Black (Purple/Red)', 'Ключевики', 'Описание', 'phone-index.jpg', 14, '<p>Футуристичный смартфон Sony Xperia S под управлением ОС Android 2.3 Gingerbread с возможностью обновления до версии 4.0 Ice Cream Sandwich – первый из серии Xperia NXT, линейки смартфонов нового поколения.</p> \r\n\r\n<p>В нем объединились новейшие технологии и лучшие разработки Sony, достойный функционал и минималистичный дизайн.</p>', '<p>Футуристичный смартфон Sony Xperia S под управлением ОС Android 2.3 Gingerbread с возможностью обновления до версии 4.0 Ice Cream Sandwich – первый из серии Xperia NXT, линейки смартфонов нового поколения. В нем объединились новейшие технологии и лучшие разработки Sony, достойный функционал и минималистичный дизайн.</p> \r\n\r\n<p>Высокая производительность. Мощный двухъядерный процессор 1,5 ГГц Qualcomm Snapdragon MSM8260 гарантирует быстродействие любых игр и приложений.\r\nПревосходное качество изображения. 4,3-дюймовый HD 1280*720p экран Reality Display с технологией Mobile BRAVIA Engine обеспечивает потрясающие впечатления от просмотра изображений и видео с высоким разрешением.</p>\r\n\r\n<p>Удобство подключения к другим устройствам. Беспроводная связь на малых расстояниях (NFC) позволяет легко обмениваться информацией с другими пользователями и открывает доступ к многочисленным NFC-приложениям и услугам. Xperia S можно подключить к телевизору посредством Wi-Fi, DLNA, HDMI, а также использовать BRAVIA Sync для управления смартфоном с пульта ДУ телевизора.</p>\r\n				\r\n				\r\n<div class="tech-harakt">\r\n					<h3>Технические характеристики</h3>\r\n\r\n<h4>Связь</h4>\r\n<ul>\r\n<li> - 3G  : Есть </li>\r\n<li> - EDGE  : Есть </li>\r\n<li> - Wi-Fi  : Есть (802.11 b/g/n)</li> \r\n</ul>\r\n\r\n<h4>Дисплей</h4>\r\n<ul>\r\n<li> - Тип дисплея  : TFT с LED подсветкой</li> \r\n<li> - Разрешение дисплея (пикс)  : 1280x720</li> \r\n<li> - Диагональ дисплея (дюйм)  : 4.3 </li>\r\n<li> - Сенсорный экран  : Есть </li>\r\n</ul>\r\n\r\n<h4>Система</h4>\r\n<ul>\r\n<li> - GPS-навигация  : Есть </li>\r\n<li> - Операционная система  : Android v2.3 </li>\r\n<li> - Частота проц. (МГц) : 1500 (Dual-core Qualcomm MSM8260 Snapdragon) </li>\r\n</ul>\r\n\r\n<h4>Мультимедиа</h4>\r\n<ul>\r\n<li> - Фотокамера : 12,1 Mпикс </li>\r\n<li> - Аудиоплеер : да </li>\r\n<li> - FM - радио : да </li>\r\n</ul>\r\n\r\n<h4>Корпус</h4>\r\n<ul>\r\n<li> - Тип корпуса : Классический </li>\r\n</ul>\r\n\r\n<h4>Память</h4>\r\n<ul>\r\n<li> - Встроенная память (Мб) : 32000</li>\r\n</ul>\r\n</div>', '1', '0', '0', '0', 17000, '2012-09-17', ''),
(18, 'Nokia E6-00 Black', 'Ключевики', 'Описание', 'phone-index.jpg', 14, '<p>Футуристичный смартфон Sony Xperia S под управлением ОС Android 2.3 Gingerbread с возможностью обновления до версии 4.0 Ice Cream Sandwich – первый из серии Xperia NXT, линейки смартфонов нового поколения.</p> \r\n\r\n<p>В нем объединились новейшие технологии и лучшие разработки Sony, достойный функционал и минималистичный дизайн.</p>', '<p>Футуристичный смартфон Sony Xperia S под управлением ОС Android 2.3 Gingerbread с возможностью обновления до версии 4.0 Ice Cream Sandwich – первый из серии Xperia NXT, линейки смартфонов нового поколения. В нем объединились новейшие технологии и лучшие разработки Sony, достойный функционал и минималистичный дизайн.</p> \r\n\r\n<p>Высокая производительность. Мощный двухъядерный процессор 1,5 ГГц Qualcomm Snapdragon MSM8260 гарантирует быстродействие любых игр и приложений.\r\nПревосходное качество изображения. 4,3-дюймовый HD 1280*720p экран Reality Display с технологией Mobile BRAVIA Engine обеспечивает потрясающие впечатления от просмотра изображений и видео с высоким разрешением.</p>\r\n\r\n<p>Удобство подключения к другим устройствам. Беспроводная связь на малых расстояниях (NFC) позволяет легко обмениваться информацией с другими пользователями и открывает доступ к многочисленным NFC-приложениям и услугам. Xperia S можно подключить к телевизору посредством Wi-Fi, DLNA, HDMI, а также использовать BRAVIA Sync для управления смартфоном с пульта ДУ телевизора.</p>\r\n				\r\n				\r\n<div class="tech-harakt">\r\n					<h3>Технические характеристики</h3>\r\n\r\n<h4>Связь</h4>\r\n<ul>\r\n<li> - 3G  : Есть </li>\r\n<li> - EDGE  : Есть </li>\r\n<li> - Wi-Fi  : Есть (802.11 b/g/n)</li> \r\n</ul>\r\n\r\n<h4>Дисплей</h4>\r\n<ul>\r\n<li> - Тип дисплея  : TFT с LED подсветкой</li> \r\n<li> - Разрешение дисплея (пикс)  : 1280x720</li> \r\n<li> - Диагональ дисплея (дюйм)  : 4.3 </li>\r\n<li> - Сенсорный экран  : Есть </li>\r\n</ul>\r\n\r\n<h4>Система</h4>\r\n<ul>\r\n<li> - GPS-навигация  : Есть </li>\r\n<li> - Операционная система  : Android v2.3 </li>\r\n<li> - Частота проц. (МГц) : 1500 (Dual-core Qualcomm MSM8260 Snapdragon) </li>\r\n</ul>\r\n\r\n<h4>Мультимедиа</h4>\r\n<ul>\r\n<li> - Фотокамера : 12,1 Mпикс </li>\r\n<li> - Аудиоплеер : да </li>\r\n<li> - FM - радио : да </li>\r\n</ul>\r\n\r\n<h4>Корпус</h4>\r\n<ul>\r\n<li> - Тип корпуса : Классический </li>\r\n</ul>\r\n\r\n<h4>Память</h4>\r\n<ul>\r\n<li> - Встроенная память (Мб) : 32000</li>\r\n</ul>\r\n</div>', '1', '1', '0', '0', 18000, '2012-09-18', ''),
(19, 'Nokia Asha 306 Dark Grey', 'Ключевики', 'Описание', 'phone-index.jpg', 14, '<p>Футуристичный смартфон Sony Xperia S под управлением ОС Android 2.3 Gingerbread с возможностью обновления до версии 4.0 Ice Cream Sandwich – первый из серии Xperia NXT, линейки смартфонов нового поколения.</p> \r\n\r\n<p>В нем объединились новейшие технологии и лучшие разработки Sony, достойный функционал и минималистичный дизайн.</p>', '<p>Футуристичный смартфон Sony Xperia S под управлением ОС Android 2.3 Gingerbread с возможностью обновления до версии 4.0 Ice Cream Sandwich – первый из серии Xperia NXT, линейки смартфонов нового поколения. В нем объединились новейшие технологии и лучшие разработки Sony, достойный функционал и минималистичный дизайн.</p> \r\n\r\n<p>Высокая производительность. Мощный двухъядерный процессор 1,5 ГГц Qualcomm Snapdragon MSM8260 гарантирует быстродействие любых игр и приложений.\r\nПревосходное качество изображения. 4,3-дюймовый HD 1280*720p экран Reality Display с технологией Mobile BRAVIA Engine обеспечивает потрясающие впечатления от просмотра изображений и видео с высоким разрешением.</p>\r\n\r\n<p>Удобство подключения к другим устройствам. Беспроводная связь на малых расстояниях (NFC) позволяет легко обмениваться информацией с другими пользователями и открывает доступ к многочисленным NFC-приложениям и услугам. Xperia S можно подключить к телевизору посредством Wi-Fi, DLNA, HDMI, а также использовать BRAVIA Sync для управления смартфоном с пульта ДУ телевизора.</p>\r\n				\r\n				\r\n<div class="tech-harakt">\r\n					<h3>Технические характеристики</h3>\r\n\r\n<h4>Связь</h4>\r\n<ul>\r\n<li> - 3G  : Есть </li>\r\n<li> - EDGE  : Есть </li>\r\n<li> - Wi-Fi  : Есть (802.11 b/g/n)</li> \r\n</ul>\r\n\r\n<h4>Дисплей</h4>\r\n<ul>\r\n<li> - Тип дисплея  : TFT с LED подсветкой</li> \r\n<li> - Разрешение дисплея (пикс)  : 1280x720</li> \r\n<li> - Диагональ дисплея (дюйм)  : 4.3 </li>\r\n<li> - Сенсорный экран  : Есть </li>\r\n</ul>\r\n\r\n<h4>Система</h4>\r\n<ul>\r\n<li> - GPS-навигация  : Есть </li>\r\n<li> - Операционная система  : Android v2.3 </li>\r\n<li> - Частота проц. (МГц) : 1500 (Dual-core Qualcomm MSM8260 Snapdragon) </li>\r\n</ul>\r\n\r\n<h4>Мультимедиа</h4>\r\n<ul>\r\n<li> - Фотокамера : 12,1 Mпикс </li>\r\n<li> - Аудиоплеер : да </li>\r\n<li> - FM - радио : да </li>\r\n</ul>\r\n\r\n<h4>Корпус</h4>\r\n<ul>\r\n<li> - Тип корпуса : Классический </li>\r\n</ul>\r\n\r\n<h4>Память</h4>\r\n<ul>\r\n<li> - Встроенная память (Мб) : 32000</li>\r\n</ul>\r\n</div>', '1', '1', '1', '0', 19000, '2012-09-19', ''),
(20, 'Nokia X2-02 dark silver', 'Ключевики', 'Описание', 'phone-index.jpg', 13, '<p>Футуристичный смартфон Sony Xperia S под управлением ОС Android 2.3 Gingerbread с возможностью обновления до версии 4.0 Ice Cream Sandwich – первый из серии Xperia NXT, линейки смартфонов нового поколения.</p> \r\n\r\n<p>В нем объединились новейшие технологии и лучшие разработки Sony, достойный функционал и минималистичный дизайн.</p>', '<p>Футуристичный смартфон Sony Xperia S под управлением ОС Android 2.3 Gingerbread с возможностью обновления до версии 4.0 Ice Cream Sandwich – первый из серии Xperia NXT, линейки смартфонов нового поколения. В нем объединились новейшие технологии и лучшие разработки Sony, достойный функционал и минималистичный дизайн.</p> \r\n\r\n<p>Высокая производительность. Мощный двухъядерный процессор 1,5 ГГц Qualcomm Snapdragon MSM8260 гарантирует быстродействие любых игр и приложений.\r\nПревосходное качество изображения. 4,3-дюймовый HD 1280*720p экран Reality Display с технологией Mobile BRAVIA Engine обеспечивает потрясающие впечатления от просмотра изображений и видео с высоким разрешением.</p>\r\n\r\n<p>Удобство подключения к другим устройствам. Беспроводная связь на малых расстояниях (NFC) позволяет легко обмениваться информацией с другими пользователями и открывает доступ к многочисленным NFC-приложениям и услугам. Xperia S можно подключить к телевизору посредством Wi-Fi, DLNA, HDMI, а также использовать BRAVIA Sync для управления смартфоном с пульта ДУ телевизора.</p>\r\n				\r\n				\r\n<div class="tech-harakt">\r\n					<h3>Технические характеристики</h3>\r\n\r\n<h4>Связь</h4>\r\n<ul>\r\n<li> - 3G  : Есть </li>\r\n<li> - EDGE  : Есть </li>\r\n<li> - Wi-Fi  : Есть (802.11 b/g/n)</li> \r\n</ul>\r\n\r\n<h4>Дисплей</h4>\r\n<ul>\r\n<li> - Тип дисплея  : TFT с LED подсветкой</li> \r\n<li> - Разрешение дисплея (пикс)  : 1280x720</li> \r\n<li> - Диагональ дисплея (дюйм)  : 4.3 </li>\r\n<li> - Сенсорный экран  : Есть </li>\r\n</ul>\r\n\r\n<h4>Система</h4>\r\n<ul>\r\n<li> - GPS-навигация  : Есть </li>\r\n<li> - Операционная система  : Android v2.3 </li>\r\n<li> - Частота проц. (МГц) : 1500 (Dual-core Qualcomm MSM8260 Snapdragon) </li>\r\n</ul>\r\n\r\n<h4>Мультимедиа</h4>\r\n<ul>\r\n<li> - Фотокамера : 12,1 Mпикс </li>\r\n<li> - Аудиоплеер : да </li>\r\n<li> - FM - радио : да </li>\r\n</ul>\r\n\r\n<h4>Корпус</h4>\r\n<ul>\r\n<li> - Тип корпуса : Классический </li>\r\n</ul>\r\n\r\n<h4>Память</h4>\r\n<ul>\r\n<li> - Встроенная память (Мб) : 32000</li>\r\n</ul>\r\n</div>', '1', '0', '0', '0', 20000, '2012-09-20', ''),
(21, 'Nokia Asha 200 Graphite', 'Ключевики', 'Описание', 'phone-index.jpg', 14, '<p>Футуристичный смартфон Sony Xperia S под управлением ОС Android 2.3 Gingerbread с возможностью обновления до версии 4.0 Ice Cream Sandwich – первый из серии Xperia NXT, линейки смартфонов нового поколения.</p> \r\n\r\n<p>В нем объединились новейшие технологии и лучшие разработки Sony, достойный функционал и минималистичный дизайн.</p>', '<p>Футуристичный смартфон Sony Xperia S под управлением ОС Android 2.3 Gingerbread с возможностью обновления до версии 4.0 Ice Cream Sandwich – первый из серии Xperia NXT, линейки смартфонов нового поколения. В нем объединились новейшие технологии и лучшие разработки Sony, достойный функционал и минималистичный дизайн.</p> \r\n\r\n<p>Высокая производительность. Мощный двухъядерный процессор 1,5 ГГц Qualcomm Snapdragon MSM8260 гарантирует быстродействие любых игр и приложений.\r\nПревосходное качество изображения. 4,3-дюймовый HD 1280*720p экран Reality Display с технологией Mobile BRAVIA Engine обеспечивает потрясающие впечатления от просмотра изображений и видео с высоким разрешением.</p>\r\n\r\n<p>Удобство подключения к другим устройствам. Беспроводная связь на малых расстояниях (NFC) позволяет легко обмениваться информацией с другими пользователями и открывает доступ к многочисленным NFC-приложениям и услугам. Xperia S можно подключить к телевизору посредством Wi-Fi, DLNA, HDMI, а также использовать BRAVIA Sync для управления смартфоном с пульта ДУ телевизора.</p>\r\n				\r\n				\r\n<div class="tech-harakt">\r\n					<h3>Технические характеристики</h3>\r\n\r\n<h4>Связь</h4>\r\n<ul>\r\n<li> - 3G  : Есть </li>\r\n<li> - EDGE  : Есть </li>\r\n<li> - Wi-Fi  : Есть (802.11 b/g/n)</li> \r\n</ul>\r\n\r\n<h4>Дисплей</h4>\r\n<ul>\r\n<li> - Тип дисплея  : TFT с LED подсветкой</li> \r\n<li> - Разрешение дисплея (пикс)  : 1280x720</li> \r\n<li> - Диагональ дисплея (дюйм)  : 4.3 </li>\r\n<li> - Сенсорный экран  : Есть </li>\r\n</ul>\r\n\r\n<h4>Система</h4>\r\n<ul>\r\n<li> - GPS-навигация  : Есть </li>\r\n<li> - Операционная система  : Android v2.3 </li>\r\n<li> - Частота проц. (МГц) : 1500 (Dual-core Qualcomm MSM8260 Snapdragon) </li>\r\n</ul>\r\n\r\n<h4>Мультимедиа</h4>\r\n<ul>\r\n<li> - Фотокамера : 12,1 Mпикс </li>\r\n<li> - Аудиоплеер : да </li>\r\n<li> - FM - радио : да </li>\r\n</ul>\r\n\r\n<h4>Корпус</h4>\r\n<ul>\r\n<li> - Тип корпуса : Классический </li>\r\n</ul>\r\n\r\n<h4>Память</h4>\r\n<ul>\r\n<li> - Встроенная память (Мб) : 32000</li>\r\n</ul>\r\n</div>', '1', '0', '0', '0', 21000, '2012-09-21', ''),
(22, 'Nokia Asha 200 Perl white', 'Ключевики', 'Описание', 'phone-index.jpg', 14, '<p>Футуристичный смартфон Sony Xperia S под управлением ОС Android 2.3 Gingerbread с возможностью обновления до версии 4.0 Ice Cream Sandwich – первый из серии Xperia NXT, линейки смартфонов нового поколения.</p> \r\n\r\n<p>В нем объединились новейшие технологии и лучшие разработки Sony, достойный функционал и минималистичный дизайн.</p>', '<p>Футуристичный смартфон Sony Xperia S под управлением ОС Android 2.3 Gingerbread с возможностью обновления до версии 4.0 Ice Cream Sandwich – первый из серии Xperia NXT, линейки смартфонов нового поколения. В нем объединились новейшие технологии и лучшие разработки Sony, достойный функционал и минималистичный дизайн.</p> \r\n\r\n<p>Высокая производительность. Мощный двухъядерный процессор 1,5 ГГц Qualcomm Snapdragon MSM8260 гарантирует быстродействие любых игр и приложений.\r\nПревосходное качество изображения. 4,3-дюймовый HD 1280*720p экран Reality Display с технологией Mobile BRAVIA Engine обеспечивает потрясающие впечатления от просмотра изображений и видео с высоким разрешением.</p>\r\n\r\n<p>Удобство подключения к другим устройствам. Беспроводная связь на малых расстояниях (NFC) позволяет легко обмениваться информацией с другими пользователями и открывает доступ к многочисленным NFC-приложениям и услугам. Xperia S можно подключить к телевизору посредством Wi-Fi, DLNA, HDMI, а также использовать BRAVIA Sync для управления смартфоном с пульта ДУ телевизора.</p>\r\n				\r\n				\r\n<div class="tech-harakt">\r\n					<h3>Технические характеристики</h3>\r\n\r\n<h4>Связь</h4>\r\n<ul>\r\n<li> - 3G  : Есть </li>\r\n<li> - EDGE  : Есть </li>\r\n<li> - Wi-Fi  : Есть (802.11 b/g/n)</li> \r\n</ul>\r\n\r\n<h4>Дисплей</h4>\r\n<ul>\r\n<li> - Тип дисплея  : TFT с LED подсветкой</li> \r\n<li> - Разрешение дисплея (пикс)  : 1280x720</li> \r\n<li> - Диагональ дисплея (дюйм)  : 4.3 </li>\r\n<li> - Сенсорный экран  : Есть </li>\r\n</ul>\r\n\r\n<h4>Система</h4>\r\n<ul>\r\n<li> - GPS-навигация  : Есть </li>\r\n<li> - Операционная система  : Android v2.3 </li>\r\n<li> - Частота проц. (МГц) : 1500 (Dual-core Qualcomm MSM8260 Snapdragon) </li>\r\n</ul>\r\n\r\n<h4>Мультимедиа</h4>\r\n<ul>\r\n<li> - Фотокамера : 12,1 Mпикс </li>\r\n<li> - Аудиоплеер : да </li>\r\n<li> - FM - радио : да </li>\r\n</ul>\r\n\r\n<h4>Корпус</h4>\r\n<ul>\r\n<li> - Тип корпуса : Классический </li>\r\n</ul>\r\n\r\n<h4>Память</h4>\r\n<ul>\r\n<li> - Встроенная память (Мб) : 32000</li>\r\n</ul>\r\n</div>', '1', '0', '0', '0', 22000, '2012-09-22', ''),
(23, 'Nokia 6700c-1 chrome', 'Ключевики', 'Описание', 'phone-index.jpg', 14, '<p>Футуристичный смартфон Sony Xperia S под управлением ОС Android 2.3 Gingerbread с возможностью обновления до версии 4.0 Ice Cream Sandwich – первый из серии Xperia NXT, линейки смартфонов нового поколения.</p> \r\n\r\n<p>В нем объединились новейшие технологии и лучшие разработки Sony, достойный функционал и минималистичный дизайн.</p>', '<p>Футуристичный смартфон Sony Xperia S под управлением ОС Android 2.3 Gingerbread с возможностью обновления до версии 4.0 Ice Cream Sandwich – первый из серии Xperia NXT, линейки смартфонов нового поколения. В нем объединились новейшие технологии и лучшие разработки Sony, достойный функционал и минималистичный дизайн.</p> \r\n\r\n<p>Высокая производительность. Мощный двухъядерный процессор 1,5 ГГц Qualcomm Snapdragon MSM8260 гарантирует быстродействие любых игр и приложений.\r\nПревосходное качество изображения. 4,3-дюймовый HD 1280*720p экран Reality Display с технологией Mobile BRAVIA Engine обеспечивает потрясающие впечатления от просмотра изображений и видео с высоким разрешением.</p>\r\n\r\n<p>Удобство подключения к другим устройствам. Беспроводная связь на малых расстояниях (NFC) позволяет легко обмениваться информацией с другими пользователями и открывает доступ к многочисленным NFC-приложениям и услугам. Xperia S можно подключить к телевизору посредством Wi-Fi, DLNA, HDMI, а также использовать BRAVIA Sync для управления смартфоном с пульта ДУ телевизора.</p>\r\n				\r\n				\r\n<div class="tech-harakt">\r\n					<h3>Технические характеристики</h3>\r\n\r\n<h4>Связь</h4>\r\n<ul>\r\n<li> - 3G  : Есть </li>\r\n<li> - EDGE  : Есть </li>\r\n<li> - Wi-Fi  : Есть (802.11 b/g/n)</li> \r\n</ul>\r\n\r\n<h4>Дисплей</h4>\r\n<ul>\r\n<li> - Тип дисплея  : TFT с LED подсветкой</li> \r\n<li> - Разрешение дисплея (пикс)  : 1280x720</li> \r\n<li> - Диагональ дисплея (дюйм)  : 4.3 </li>\r\n<li> - Сенсорный экран  : Есть </li>\r\n</ul>\r\n\r\n<h4>Система</h4>\r\n<ul>\r\n<li> - GPS-навигация  : Есть </li>\r\n<li> - Операционная система  : Android v2.3 </li>\r\n<li> - Частота проц. (МГц) : 1500 (Dual-core Qualcomm MSM8260 Snapdragon) </li>\r\n</ul>\r\n\r\n<h4>Мультимедиа</h4>\r\n<ul>\r\n<li> - Фотокамера : 12,1 Mпикс </li>\r\n<li> - Аудиоплеер : да </li>\r\n<li> - FM - радио : да </li>\r\n</ul>\r\n\r\n<h4>Корпус</h4>\r\n<ul>\r\n<li> - Тип корпуса : Классический </li>\r\n</ul>\r\n\r\n<h4>Память</h4>\r\n<ul>\r\n<li> - Встроенная память (Мб) : 32000</li>\r\n</ul>\r\n</div>', '1', '0', '1', '1', 23000, '2012-09-23', ''),
(24, 'Nokia X2-03 ocean blue', 'Ключевики', 'Описание', 'phone-index.jpg', 13, '<p>Футуристичный смартфон Sony Xperia S под управлением ОС Android 2.3 Gingerbread с возможностью обновления до версии 4.0 Ice Cream Sandwich – первый из серии Xperia NXT, линейки смартфонов нового поколения.</p> \r\n\r\n<p>В нем объединились новейшие технологии и лучшие разработки Sony, достойный функционал и минималистичный дизайн.</p>', '<p>Футуристичный смартфон Sony Xperia S под управлением ОС Android 2.3 Gingerbread с возможностью обновления до версии 4.0 Ice Cream Sandwich – первый из серии Xperia NXT, линейки смартфонов нового поколения. В нем объединились новейшие технологии и лучшие разработки Sony, достойный функционал и минималистичный дизайн.</p> \r\n\r\n<p>Высокая производительность. Мощный двухъядерный процессор 1,5 ГГц Qualcomm Snapdragon MSM8260 гарантирует быстродействие любых игр и приложений.\r\nПревосходное качество изображения. 4,3-дюймовый HD 1280*720p экран Reality Display с технологией Mobile BRAVIA Engine обеспечивает потрясающие впечатления от просмотра изображений и видео с высоким разрешением.</p>\r\n\r\n<p>Удобство подключения к другим устройствам. Беспроводная связь на малых расстояниях (NFC) позволяет легко обмениваться информацией с другими пользователями и открывает доступ к многочисленным NFC-приложениям и услугам. Xperia S можно подключить к телевизору посредством Wi-Fi, DLNA, HDMI, а также использовать BRAVIA Sync для управления смартфоном с пульта ДУ телевизора.</p>\r\n				\r\n				\r\n<div class="tech-harakt">\r\n					<h3>Технические характеристики</h3>\r\n\r\n<h4>Связь</h4>\r\n<ul>\r\n<li> - 3G  : Есть </li>\r\n<li> - EDGE  : Есть </li>\r\n<li> - Wi-Fi  : Есть (802.11 b/g/n)</li> \r\n</ul>\r\n\r\n<h4>Дисплей</h4>\r\n<ul>\r\n<li> - Тип дисплея  : TFT с LED подсветкой</li> \r\n<li> - Разрешение дисплея (пикс)  : 1280x720</li> \r\n<li> - Диагональ дисплея (дюйм)  : 4.3 </li>\r\n<li> - Сенсорный экран  : Есть </li>\r\n</ul>\r\n\r\n<h4>Система</h4>\r\n<ul>\r\n<li> - GPS-навигация  : Есть </li>\r\n<li> - Операционная система  : Android v2.3 </li>\r\n<li> - Частота проц. (МГц) : 1500 (Dual-core Qualcomm MSM8260 Snapdragon) </li>\r\n</ul>\r\n\r\n<h4>Мультимедиа</h4>\r\n<ul>\r\n<li> - Фотокамера : 12,1 Mпикс </li>\r\n<li> - Аудиоплеер : да </li>\r\n<li> - FM - радио : да </li>\r\n</ul>\r\n\r\n<h4>Корпус</h4>\r\n<ul>\r\n<li> - Тип корпуса : Классический </li>\r\n</ul>\r\n\r\n<h4>Память</h4>\r\n<ul>\r\n<li> - Встроенная память (Мб) : 32000</li>\r\n</ul>\r\n</div>', '1', '0', '0', '0', 24000, '2012-09-24', ''),
(25, 'Nokia 101', 'Ключевики', 'Описание', 'phone-index.jpg', 13, '<p>Футуристичный смартфон Sony Xperia S под управлением ОС Android 2.3 Gingerbread с возможностью обновления до версии 4.0 Ice Cream Sandwich – первый из серии Xperia NXT, линейки смартфонов нового поколения.</p> \r\n\r\n<p>В нем объединились новейшие технологии и лучшие разработки Sony, достойный функционал и минималистичный дизайн.</p>', '<p>Футуристичный смартфон Sony Xperia S под управлением ОС Android 2.3 Gingerbread с возможностью обновления до версии 4.0 Ice Cream Sandwich – первый из серии Xperia NXT, линейки смартфонов нового поколения. В нем объединились новейшие технологии и лучшие разработки Sony, достойный функционал и минималистичный дизайн.</p> \r\n\r\n<p>Высокая производительность. Мощный двухъядерный процессор 1,5 ГГц Qualcomm Snapdragon MSM8260 гарантирует быстродействие любых игр и приложений.\r\nПревосходное качество изображения. 4,3-дюймовый HD 1280*720p экран Reality Display с технологией Mobile BRAVIA Engine обеспечивает потрясающие впечатления от просмотра изображений и видео с высоким разрешением.</p>\r\n\r\n<p>Удобство подключения к другим устройствам. Беспроводная связь на малых расстояниях (NFC) позволяет легко обмениваться информацией с другими пользователями и открывает доступ к многочисленным NFC-приложениям и услугам. Xperia S можно подключить к телевизору посредством Wi-Fi, DLNA, HDMI, а также использовать BRAVIA Sync для управления смартфоном с пульта ДУ телевизора.</p>\r\n				\r\n				\r\n<div class="tech-harakt">\r\n					<h3>Технические характеристики</h3>\r\n\r\n<h4>Связь</h4>\r\n<ul>\r\n<li> - 3G  : Есть </li>\r\n<li> - EDGE  : Есть </li>\r\n<li> - Wi-Fi  : Есть (802.11 b/g/n)</li> \r\n</ul>\r\n\r\n<h4>Дисплей</h4>\r\n<ul>\r\n<li> - Тип дисплея  : TFT с LED подсветкой</li> \r\n<li> - Разрешение дисплея (пикс)  : 1280x720</li> \r\n<li> - Диагональ дисплея (дюйм)  : 4.3 </li>\r\n<li> - Сенсорный экран  : Есть </li>\r\n</ul>\r\n\r\n<h4>Система</h4>\r\n<ul>\r\n<li> - GPS-навигация  : Есть </li>\r\n<li> - Операционная система  : Android v2.3 </li>\r\n<li> - Частота проц. (МГц) : 1500 (Dual-core Qualcomm MSM8260 Snapdragon) </li>\r\n</ul>\r\n\r\n<h4>Мультимедиа</h4>\r\n<ul>\r\n<li> - Фотокамера : 12,1 Mпикс </li>\r\n<li> - Аудиоплеер : да </li>\r\n<li> - FM - радио : да </li>\r\n</ul>\r\n\r\n<h4>Корпус</h4>\r\n<ul>\r\n<li> - Тип корпуса : Классический </li>\r\n</ul>\r\n\r\n<h4>Память</h4>\r\n<ul>\r\n<li> - Встроенная память (Мб) : 32000</li>\r\n</ul>\r\n</div>', '1', '1', '0', '1', 25000, '2012-09-25', ''),
(26, 'Nokia X2-03 dark silver', 'Ключевики', 'Описание', 'phone-index.jpg', 14, '<p>Футуристичный смартфон Sony Xperia S под управлением ОС Android 2.3 Gingerbread с возможностью обновления до версии 4.0 Ice Cream Sandwich – первый из серии Xperia NXT, линейки смартфонов нового поколения.</p> \r\n\r\n<p>В нем объединились новейшие технологии и лучшие разработки Sony, достойный функционал и минималистичный дизайн.</p>', '<p>Футуристичный смартфон Sony Xperia S под управлением ОС Android 2.3 Gingerbread с возможностью обновления до версии 4.0 Ice Cream Sandwich – первый из серии Xperia NXT, линейки смартфонов нового поколения. В нем объединились новейшие технологии и лучшие разработки Sony, достойный функционал и минималистичный дизайн.</p> \r\n\r\n<p>Высокая производительность. Мощный двухъядерный процессор 1,5 ГГц Qualcomm Snapdragon MSM8260 гарантирует быстродействие любых игр и приложений.\r\nПревосходное качество изображения. 4,3-дюймовый HD 1280*720p экран Reality Display с технологией Mobile BRAVIA Engine обеспечивает потрясающие впечатления от просмотра изображений и видео с высоким разрешением.</p>\r\n\r\n<p>Удобство подключения к другим устройствам. Беспроводная связь на малых расстояниях (NFC) позволяет легко обмениваться информацией с другими пользователями и открывает доступ к многочисленным NFC-приложениям и услугам. Xperia S можно подключить к телевизору посредством Wi-Fi, DLNA, HDMI, а также использовать BRAVIA Sync для управления смартфоном с пульта ДУ телевизора.</p>\r\n				\r\n				\r\n<div class="tech-harakt">\r\n					<h3>Технические характеристики</h3>\r\n\r\n<h4>Связь</h4>\r\n<ul>\r\n<li> - 3G  : Есть </li>\r\n<li> - EDGE  : Есть </li>\r\n<li> - Wi-Fi  : Есть (802.11 b/g/n)</li> \r\n</ul>\r\n\r\n<h4>Дисплей</h4>\r\n<ul>\r\n<li> - Тип дисплея  : TFT с LED подсветкой</li> \r\n<li> - Разрешение дисплея (пикс)  : 1280x720</li> \r\n<li> - Диагональ дисплея (дюйм)  : 4.3 </li>\r\n<li> - Сенсорный экран  : Есть </li>\r\n</ul>\r\n\r\n<h4>Система</h4>\r\n<ul>\r\n<li> - GPS-навигация  : Есть </li>\r\n<li> - Операционная система  : Android v2.3 </li>\r\n<li> - Частота проц. (МГц) : 1500 (Dual-core Qualcomm MSM8260 Snapdragon) </li>\r\n</ul>\r\n\r\n<h4>Мультимедиа</h4>\r\n<ul>\r\n<li> - Фотокамера : 12,1 Mпикс </li>\r\n<li> - Аудиоплеер : да </li>\r\n<li> - FM - радио : да </li>\r\n</ul>\r\n\r\n<h4>Корпус</h4>\r\n<ul>\r\n<li> - Тип корпуса : Классический </li>\r\n</ul>\r\n\r\n<h4>Память</h4>\r\n<ul>\r\n<li> - Встроенная память (Мб) : 32000</li>\r\n</ul>\r\n</div>', '1', '1', '1', '1', 26000, '2012-09-26', '');
INSERT INTO `goods` (`goods_id`, `name`, `keywords`, `description`, `img`, `goods_brandid`, `anons`, `content`, `visible`, `hits`, `new`, `sale`, `price`, `date`, `img_slide`) VALUES
(27, 'Nokia 112 White', 'Ключевики', 'Описание', 'phone-index.jpg', 13, '<p>Футуристичный смартфон Sony Xperia S под управлением ОС Android 2.3 Gingerbread с возможностью обновления до версии 4.0 Ice Cream Sandwich – первый из серии Xperia NXT, линейки смартфонов нового поколения.</p> \r\n\r\n<p>В нем объединились новейшие технологии и лучшие разработки Sony, достойный функционал и минималистичный дизайн.</p>', '<p>Футуристичный смартфон Sony Xperia S под управлением ОС Android 2.3 Gingerbread с возможностью обновления до версии 4.0 Ice Cream Sandwich – первый из серии Xperia NXT, линейки смартфонов нового поколения. В нем объединились новейшие технологии и лучшие разработки Sony, достойный функционал и минималистичный дизайн.</p> \r\n\r\n<p>Высокая производительность. Мощный двухъядерный процессор 1,5 ГГц Qualcomm Snapdragon MSM8260 гарантирует быстродействие любых игр и приложений.\r\nПревосходное качество изображения. 4,3-дюймовый HD 1280*720p экран Reality Display с технологией Mobile BRAVIA Engine обеспечивает потрясающие впечатления от просмотра изображений и видео с высоким разрешением.</p>\r\n\r\n<p>Удобство подключения к другим устройствам. Беспроводная связь на малых расстояниях (NFC) позволяет легко обмениваться информацией с другими пользователями и открывает доступ к многочисленным NFC-приложениям и услугам. Xperia S можно подключить к телевизору посредством Wi-Fi, DLNA, HDMI, а также использовать BRAVIA Sync для управления смартфоном с пульта ДУ телевизора.</p>\r\n				\r\n				\r\n<div class="tech-harakt">\r\n					<h3>Технические характеристики</h3>\r\n\r\n<h4>Связь</h4>\r\n<ul>\r\n<li> - 3G  : Есть </li>\r\n<li> - EDGE  : Есть </li>\r\n<li> - Wi-Fi  : Есть (802.11 b/g/n)</li> \r\n</ul>\r\n\r\n<h4>Дисплей</h4>\r\n<ul>\r\n<li> - Тип дисплея  : TFT с LED подсветкой</li> \r\n<li> - Разрешение дисплея (пикс)  : 1280x720</li> \r\n<li> - Диагональ дисплея (дюйм)  : 4.3 </li>\r\n<li> - Сенсорный экран  : Есть </li>\r\n</ul>\r\n\r\n<h4>Система</h4>\r\n<ul>\r\n<li> - GPS-навигация  : Есть </li>\r\n<li> - Операционная система  : Android v2.3 </li>\r\n<li> - Частота проц. (МГц) : 1500 (Dual-core Qualcomm MSM8260 Snapdragon) </li>\r\n</ul>\r\n\r\n<h4>Мультимедиа</h4>\r\n<ul>\r\n<li> - Фотокамера : 12,1 Mпикс </li>\r\n<li> - Аудиоплеер : да </li>\r\n<li> - FM - радио : да </li>\r\n</ul>\r\n\r\n<h4>Корпус</h4>\r\n<ul>\r\n<li> - Тип корпуса : Классический </li>\r\n</ul>\r\n\r\n<h4>Память</h4>\r\n<ul>\r\n<li> - Встроенная память (Мб) : 32000</li>\r\n</ul>\r\n</div>', '1', '0', '0', '1', 27000, '2012-09-27', ''),
(28, 'Nokia Asha 305 Red', 'Ключевики', 'Описание', 'phone-index.jpg', 13, '<p>Футуристичный смартфон Sony Xperia S под управлением ОС Android 2.3 Gingerbread с возможностью обновления до версии 4.0 Ice Cream Sandwich – первый из серии Xperia NXT, линейки смартфонов нового поколения.</p> \r\n\r\n<p>В нем объединились новейшие технологии и лучшие разработки Sony, достойный функционал и минималистичный дизайн.</p>', '<p>Футуристичный смартфон Sony Xperia S под управлением ОС Android 2.3 Gingerbread с возможностью обновления до версии 4.0 Ice Cream Sandwich – первый из серии Xperia NXT, линейки смартфонов нового поколения. В нем объединились новейшие технологии и лучшие разработки Sony, достойный функционал и минималистичный дизайн.</p> \r\n\r\n<p>Высокая производительность. Мощный двухъядерный процессор 1,5 ГГц Qualcomm Snapdragon MSM8260 гарантирует быстродействие любых игр и приложений.\r\nПревосходное качество изображения. 4,3-дюймовый HD 1280*720p экран Reality Display с технологией Mobile BRAVIA Engine обеспечивает потрясающие впечатления от просмотра изображений и видео с высоким разрешением.</p>\r\n\r\n<p>Удобство подключения к другим устройствам. Беспроводная связь на малых расстояниях (NFC) позволяет легко обмениваться информацией с другими пользователями и открывает доступ к многочисленным NFC-приложениям и услугам. Xperia S можно подключить к телевизору посредством Wi-Fi, DLNA, HDMI, а также использовать BRAVIA Sync для управления смартфоном с пульта ДУ телевизора.</p>\r\n				\r\n				\r\n<div class="tech-harakt">\r\n					<h3>Технические характеристики</h3>\r\n\r\n<h4>Связь</h4>\r\n<ul>\r\n<li> - 3G  : Есть </li>\r\n<li> - EDGE  : Есть </li>\r\n<li> - Wi-Fi  : Есть (802.11 b/g/n)</li> \r\n</ul>\r\n\r\n<h4>Дисплей</h4>\r\n<ul>\r\n<li> - Тип дисплея  : TFT с LED подсветкой</li> \r\n<li> - Разрешение дисплея (пикс)  : 1280x720</li> \r\n<li> - Диагональ дисплея (дюйм)  : 4.3 </li>\r\n<li> - Сенсорный экран  : Есть </li>\r\n</ul>\r\n\r\n<h4>Система</h4>\r\n<ul>\r\n<li> - GPS-навигация  : Есть </li>\r\n<li> - Операционная система  : Android v2.3 </li>\r\n<li> - Частота проц. (МГц) : 1500 (Dual-core Qualcomm MSM8260 Snapdragon) </li>\r\n</ul>\r\n\r\n<h4>Мультимедиа</h4>\r\n<ul>\r\n<li> - Фотокамера : 12,1 Mпикс </li>\r\n<li> - Аудиоплеер : да </li>\r\n<li> - FM - радио : да </li>\r\n</ul>\r\n\r\n<h4>Корпус</h4>\r\n<ul>\r\n<li> - Тип корпуса : Классический </li>\r\n</ul>\r\n\r\n<h4>Память</h4>\r\n<ul>\r\n<li> - Встроенная память (Мб) : 32000</li>\r\n</ul>\r\n</div>', '1', '0', '0', '0', 28000, '2012-09-28', ''),
(29, 'Nokia C3-00 ', 'Ключевики', 'Описание', 'phone-index.jpg', 14, '<p>Футуристичный смартфон Sony Xperia S под управлением ОС Android 2.3 Gingerbread с возможностью обновления до версии 4.0 Ice Cream Sandwich – первый из серии Xperia NXT, линейки смартфонов нового поколения.</p> \r\n\r\n<p>В нем объединились новейшие технологии и лучшие разработки Sony, достойный функционал и минималистичный дизайн.</p>', '<p>Футуристичный смартфон Sony Xperia S под управлением ОС Android 2.3 Gingerbread с возможностью обновления до версии 4.0 Ice Cream Sandwich – первый из серии Xperia NXT, линейки смартфонов нового поколения. В нем объединились новейшие технологии и лучшие разработки Sony, достойный функционал и минималистичный дизайн.</p> \r\n\r\n<p>Высокая производительность. Мощный двухъядерный процессор 1,5 ГГц Qualcomm Snapdragon MSM8260 гарантирует быстродействие любых игр и приложений.\r\nПревосходное качество изображения. 4,3-дюймовый HD 1280*720p экран Reality Display с технологией Mobile BRAVIA Engine обеспечивает потрясающие впечатления от просмотра изображений и видео с высоким разрешением.</p>\r\n\r\n<p>Удобство подключения к другим устройствам. Беспроводная связь на малых расстояниях (NFC) позволяет легко обмениваться информацией с другими пользователями и открывает доступ к многочисленным NFC-приложениям и услугам. Xperia S можно подключить к телевизору посредством Wi-Fi, DLNA, HDMI, а также использовать BRAVIA Sync для управления смартфоном с пульта ДУ телевизора.</p>\r\n				\r\n				\r\n<div class="tech-harakt">\r\n					<h3>Технические характеристики</h3>\r\n\r\n<h4>Связь</h4>\r\n<ul>\r\n<li> - 3G  : Есть </li>\r\n<li> - EDGE  : Есть </li>\r\n<li> - Wi-Fi  : Есть (802.11 b/g/n)</li> \r\n</ul>\r\n\r\n<h4>Дисплей</h4>\r\n<ul>\r\n<li> - Тип дисплея  : TFT с LED подсветкой</li> \r\n<li> - Разрешение дисплея (пикс)  : 1280x720</li> \r\n<li> - Диагональ дисплея (дюйм)  : 4.3 </li>\r\n<li> - Сенсорный экран  : Есть </li>\r\n</ul>\r\n\r\n<h4>Система</h4>\r\n<ul>\r\n<li> - GPS-навигация  : Есть </li>\r\n<li> - Операционная система  : Android v2.3 </li>\r\n<li> - Частота проц. (МГц) : 1500 (Dual-core Qualcomm MSM8260 Snapdragon) </li>\r\n</ul>\r\n\r\n<h4>Мультимедиа</h4>\r\n<ul>\r\n<li> - Фотокамера : 12,1 Mпикс </li>\r\n<li> - Аудиоплеер : да </li>\r\n<li> - FM - радио : да </li>\r\n</ul>\r\n\r\n<h4>Корпус</h4>\r\n<ul>\r\n<li> - Тип корпуса : Классический </li>\r\n</ul>\r\n\r\n<h4>Память</h4>\r\n<ul>\r\n<li> - Встроенная память (Мб) : 32000</li>\r\n</ul>\r\n</div>', '1', '0', '1', '0', 29000, '2012-09-29', ''),
(30, 'Nokia C3-01.5 silver', 'Ключевики', 'Описание', 'phone-index.jpg', 14, '<p>Футуристичный смартфон Sony Xperia S под управлением ОС Android 2.3 Gingerbread с возможностью обновления до версии 4.0 Ice Cream Sandwich – первый из серии Xperia NXT, линейки смартфонов нового поколения.</p> \r\n\r\n<p>В нем объединились новейшие технологии и лучшие разработки Sony, достойный функционал и минималистичный дизайн.</p>', '<p>Футуристичный смартфон Sony Xperia S под управлением ОС Android 2.3 Gingerbread с возможностью обновления до версии 4.0 Ice Cream Sandwich – первый из серии Xperia NXT, линейки смартфонов нового поколения. В нем объединились новейшие технологии и лучшие разработки Sony, достойный функционал и минималистичный дизайн.</p> \r\n\r\n<p>Высокая производительность. Мощный двухъядерный процессор 1,5 ГГц Qualcomm Snapdragon MSM8260 гарантирует быстродействие любых игр и приложений.\r\nПревосходное качество изображения. 4,3-дюймовый HD 1280*720p экран Reality Display с технологией Mobile BRAVIA Engine обеспечивает потрясающие впечатления от просмотра изображений и видео с высоким разрешением.</p>\r\n\r\n<p>Удобство подключения к другим устройствам. Беспроводная связь на малых расстояниях (NFC) позволяет легко обмениваться информацией с другими пользователями и открывает доступ к многочисленным NFC-приложениям и услугам. Xperia S можно подключить к телевизору посредством Wi-Fi, DLNA, HDMI, а также использовать BRAVIA Sync для управления смартфоном с пульта ДУ телевизора.</p>\r\n				\r\n				\r\n<div class="tech-harakt">\r\n					<h3>Технические характеристики</h3>\r\n\r\n<h4>Связь</h4>\r\n<ul>\r\n<li> - 3G  : Есть </li>\r\n<li> - EDGE  : Есть </li>\r\n<li> - Wi-Fi  : Есть (802.11 b/g/n)</li> \r\n</ul>\r\n\r\n<h4>Дисплей</h4>\r\n<ul>\r\n<li> - Тип дисплея  : TFT с LED подсветкой</li> \r\n<li> - Разрешение дисплея (пикс)  : 1280x720</li> \r\n<li> - Диагональ дисплея (дюйм)  : 4.3 </li>\r\n<li> - Сенсорный экран  : Есть </li>\r\n</ul>\r\n\r\n<h4>Система</h4>\r\n<ul>\r\n<li> - GPS-навигация  : Есть </li>\r\n<li> - Операционная система  : Android v2.3 </li>\r\n<li> - Частота проц. (МГц) : 1500 (Dual-core Qualcomm MSM8260 Snapdragon) </li>\r\n</ul>\r\n\r\n<h4>Мультимедиа</h4>\r\n<ul>\r\n<li> - Фотокамера : 12,1 Mпикс </li>\r\n<li> - Аудиоплеер : да </li>\r\n<li> - FM - радио : да </li>\r\n</ul>\r\n\r\n<h4>Корпус</h4>\r\n<ul>\r\n<li> - Тип корпуса : Классический </li>\r\n</ul>\r\n\r\n<h4>Память</h4>\r\n<ul>\r\n<li> - Встроенная память (Мб) : 32000</li>\r\n</ul>\r\n</div>', '1', '0', '1', '0', 30000, '2012-09-30', ''),
(31, 'Nokia Asha 305 Silver White', 'Ключевики', 'Описание', 'phone-index.jpg', 13, '<p>Футуристичный смартфон Sony Xperia S под управлением ОС Android 2.3 Gingerbread с возможностью обновления до версии 4.0 Ice Cream Sandwich – первый из серии Xperia NXT, линейки смартфонов нового поколения.</p> \r\n\r\n<p>В нем объединились новейшие технологии и лучшие разработки Sony, достойный функционал и минималистичный дизайн.</p>', '<p>Футуристичный смартфон Sony Xperia S под управлением ОС Android 2.3 Gingerbread с возможностью обновления до версии 4.0 Ice Cream Sandwich – первый из серии Xperia NXT, линейки смартфонов нового поколения. В нем объединились новейшие технологии и лучшие разработки Sony, достойный функционал и минималистичный дизайн.</p> \r\n\r\n<p>Высокая производительность. Мощный двухъядерный процессор 1,5 ГГц Qualcomm Snapdragon MSM8260 гарантирует быстродействие любых игр и приложений.\r\nПревосходное качество изображения. 4,3-дюймовый HD 1280*720p экран Reality Display с технологией Mobile BRAVIA Engine обеспечивает потрясающие впечатления от просмотра изображений и видео с высоким разрешением.</p>\r\n\r\n<p>Удобство подключения к другим устройствам. Беспроводная связь на малых расстояниях (NFC) позволяет легко обмениваться информацией с другими пользователями и открывает доступ к многочисленным NFC-приложениям и услугам. Xperia S можно подключить к телевизору посредством Wi-Fi, DLNA, HDMI, а также использовать BRAVIA Sync для управления смартфоном с пульта ДУ телевизора.</p>\r\n				\r\n				\r\n<div class="tech-harakt">\r\n					<h3>Технические характеристики</h3>\r\n\r\n<h4>Связь</h4>\r\n<ul>\r\n<li> - 3G  : Есть </li>\r\n<li> - EDGE  : Есть </li>\r\n<li> - Wi-Fi  : Есть (802.11 b/g/n)</li> \r\n</ul>\r\n\r\n<h4>Дисплей</h4>\r\n<ul>\r\n<li> - Тип дисплея  : TFT с LED подсветкой</li> \r\n<li> - Разрешение дисплея (пикс)  : 1280x720</li> \r\n<li> - Диагональ дисплея (дюйм)  : 4.3 </li>\r\n<li> - Сенсорный экран  : Есть </li>\r\n</ul>\r\n\r\n<h4>Система</h4>\r\n<ul>\r\n<li> - GPS-навигация  : Есть </li>\r\n<li> - Операционная система  : Android v2.3 </li>\r\n<li> - Частота проц. (МГц) : 1500 (Dual-core Qualcomm MSM8260 Snapdragon) </li>\r\n</ul>\r\n\r\n<h4>Мультимедиа</h4>\r\n<ul>\r\n<li> - Фотокамера : 12,1 Mпикс </li>\r\n<li> - Аудиоплеер : да </li>\r\n<li> - FM - радио : да </li>\r\n</ul>\r\n\r\n<h4>Корпус</h4>\r\n<ul>\r\n<li> - Тип корпуса : Классический </li>\r\n</ul>\r\n\r\n<h4>Память</h4>\r\n<ul>\r\n<li> - Встроенная память (Мб) : 32000</li>\r\n</ul>\r\n</div>', '1', '0', '1', '0', 31000, '2012-10-01', ''),
(32, 'Nokia Asha 200 Green', 'Ключевики', 'Описание', 'phone-index.jpg', 13, '<p>Футуристичный смартфон Sony Xperia S под управлением ОС Android 2.3 Gingerbread с возможностью обновления до версии 4.0 Ice Cream Sandwich – первый из серии Xperia NXT, линейки смартфонов нового поколения.</p> \r\n\r\n<p>В нем объединились новейшие технологии и лучшие разработки Sony, достойный функционал и минималистичный дизайн.</p>', '<p>Футуристичный смартфон Sony Xperia S под управлением ОС Android 2.3 Gingerbread с возможностью обновления до версии 4.0 Ice Cream Sandwich – первый из серии Xperia NXT, линейки смартфонов нового поколения. В нем объединились новейшие технологии и лучшие разработки Sony, достойный функционал и минималистичный дизайн.</p> \r\n\r\n<p>Высокая производительность. Мощный двухъядерный процессор 1,5 ГГц Qualcomm Snapdragon MSM8260 гарантирует быстродействие любых игр и приложений.\r\nПревосходное качество изображения. 4,3-дюймовый HD 1280*720p экран Reality Display с технологией Mobile BRAVIA Engine обеспечивает потрясающие впечатления от просмотра изображений и видео с высоким разрешением.</p>\r\n\r\n<p>Удобство подключения к другим устройствам. Беспроводная связь на малых расстояниях (NFC) позволяет легко обмениваться информацией с другими пользователями и открывает доступ к многочисленным NFC-приложениям и услугам. Xperia S можно подключить к телевизору посредством Wi-Fi, DLNA, HDMI, а также использовать BRAVIA Sync для управления смартфоном с пульта ДУ телевизора.</p>\r\n				\r\n				\r\n<div class="tech-harakt">\r\n					<h3>Технические характеристики</h3>\r\n\r\n<h4>Связь</h4>\r\n<ul>\r\n<li> - 3G  : Есть </li>\r\n<li> - EDGE  : Есть </li>\r\n<li> - Wi-Fi  : Есть (802.11 b/g/n)</li> \r\n</ul>\r\n\r\n<h4>Дисплей</h4>\r\n<ul>\r\n<li> - Тип дисплея  : TFT с LED подсветкой</li> \r\n<li> - Разрешение дисплея (пикс)  : 1280x720</li> \r\n<li> - Диагональ дисплея (дюйм)  : 4.3 </li>\r\n<li> - Сенсорный экран  : Есть </li>\r\n</ul>\r\n\r\n<h4>Система</h4>\r\n<ul>\r\n<li> - GPS-навигация  : Есть </li>\r\n<li> - Операционная система  : Android v2.3 </li>\r\n<li> - Частота проц. (МГц) : 1500 (Dual-core Qualcomm MSM8260 Snapdragon) </li>\r\n</ul>\r\n\r\n<h4>Мультимедиа</h4>\r\n<ul>\r\n<li> - Фотокамера : 12,1 Mпикс </li>\r\n<li> - Аудиоплеер : да </li>\r\n<li> - FM - радио : да </li>\r\n</ul>\r\n\r\n<h4>Корпус</h4>\r\n<ul>\r\n<li> - Тип корпуса : Классический </li>\r\n</ul>\r\n\r\n<h4>Память</h4>\r\n<ul>\r\n<li> - Встроенная память (Мб) : 32000</li>\r\n</ul>\r\n</div>', '1', '0', '1', '0', 32000, '2012-10-02', ''),
(33, 'Nokia X2-02 ocean blue', 'Ключевики', 'Описание', 'phone-index.jpg', 13, '<p>Футуристичный смартфон Sony Xperia S под управлением ОС Android 2.3 Gingerbread с возможностью обновления до версии 4.0 Ice Cream Sandwich – первый из серии Xperia NXT, линейки смартфонов нового поколения.</p> \r\n\r\n<p>В нем объединились новейшие технологии и лучшие разработки Sony, достойный функционал и минималистичный дизайн.</p>', '<p>Футуристичный смартфон Sony Xperia S под управлением ОС Android 2.3 Gingerbread с возможностью обновления до версии 4.0 Ice Cream Sandwich – первый из серии Xperia NXT, линейки смартфонов нового поколения. В нем объединились новейшие технологии и лучшие разработки Sony, достойный функционал и минималистичный дизайн.</p> \r\n\r\n<p>Высокая производительность. Мощный двухъядерный процессор 1,5 ГГц Qualcomm Snapdragon MSM8260 гарантирует быстродействие любых игр и приложений.\r\nПревосходное качество изображения. 4,3-дюймовый HD 1280*720p экран Reality Display с технологией Mobile BRAVIA Engine обеспечивает потрясающие впечатления от просмотра изображений и видео с высоким разрешением.</p>\r\n\r\n<p>Удобство подключения к другим устройствам. Беспроводная связь на малых расстояниях (NFC) позволяет легко обмениваться информацией с другими пользователями и открывает доступ к многочисленным NFC-приложениям и услугам. Xperia S можно подключить к телевизору посредством Wi-Fi, DLNA, HDMI, а также использовать BRAVIA Sync для управления смартфоном с пульта ДУ телевизора.</p>\r\n				\r\n				\r\n<div class="tech-harakt">\r\n					<h3>Технические характеристики</h3>\r\n\r\n<h4>Связь</h4>\r\n<ul>\r\n<li> - 3G  : Есть </li>\r\n<li> - EDGE  : Есть </li>\r\n<li> - Wi-Fi  : Есть (802.11 b/g/n)</li> \r\n</ul>\r\n\r\n<h4>Дисплей</h4>\r\n<ul>\r\n<li> - Тип дисплея  : TFT с LED подсветкой</li> \r\n<li> - Разрешение дисплея (пикс)  : 1280x720</li> \r\n<li> - Диагональ дисплея (дюйм)  : 4.3 </li>\r\n<li> - Сенсорный экран  : Есть </li>\r\n</ul>\r\n\r\n<h4>Система</h4>\r\n<ul>\r\n<li> - GPS-навигация  : Есть </li>\r\n<li> - Операционная система  : Android v2.3 </li>\r\n<li> - Частота проц. (МГц) : 1500 (Dual-core Qualcomm MSM8260 Snapdragon) </li>\r\n</ul>\r\n\r\n<h4>Мультимедиа</h4>\r\n<ul>\r\n<li> - Фотокамера : 12,1 Mпикс </li>\r\n<li> - Аудиоплеер : да </li>\r\n<li> - FM - радио : да </li>\r\n</ul>\r\n\r\n<h4>Корпус</h4>\r\n<ul>\r\n<li> - Тип корпуса : Классический </li>\r\n</ul>\r\n\r\n<h4>Память</h4>\r\n<ul>\r\n<li> - Встроенная память (Мб) : 32000</li>\r\n</ul>\r\n</div>', '1', '1', '1', '0', 33000, '2012-10-03', ''),
(34, 'Nokia X1-01 red', 'Ключевики', 'Описание', 'phone-index.jpg', 13, '<p>Футуристичный смартфон Sony Xperia S под управлением ОС Android 2.3 Gingerbread с возможностью обновления до версии 4.0 Ice Cream Sandwich – первый из серии Xperia NXT, линейки смартфонов нового поколения.</p> \r\n\r\n<p>В нем объединились новейшие технологии и лучшие разработки Sony, достойный функционал и минималистичный дизайн.</p>', '<p>Футуристичный смартфон Sony Xperia S под управлением ОС Android 2.3 Gingerbread с возможностью обновления до версии 4.0 Ice Cream Sandwich – первый из серии Xperia NXT, линейки смартфонов нового поколения. В нем объединились новейшие технологии и лучшие разработки Sony, достойный функционал и минималистичный дизайн.</p> \r\n\r\n<p>Высокая производительность. Мощный двухъядерный процессор 1,5 ГГц Qualcomm Snapdragon MSM8260 гарантирует быстродействие любых игр и приложений.\r\nПревосходное качество изображения. 4,3-дюймовый HD 1280*720p экран Reality Display с технологией Mobile BRAVIA Engine обеспечивает потрясающие впечатления от просмотра изображений и видео с высоким разрешением.</p>\r\n\r\n<p>Удобство подключения к другим устройствам. Беспроводная связь на малых расстояниях (NFC) позволяет легко обмениваться информацией с другими пользователями и открывает доступ к многочисленным NFC-приложениям и услугам. Xperia S можно подключить к телевизору посредством Wi-Fi, DLNA, HDMI, а также использовать BRAVIA Sync для управления смартфоном с пульта ДУ телевизора.</p>\r\n				\r\n				\r\n<div class="tech-harakt">\r\n					<h3>Технические характеристики</h3>\r\n\r\n<h4>Связь</h4>\r\n<ul>\r\n<li> - 3G  : Есть </li>\r\n<li> - EDGE  : Есть </li>\r\n<li> - Wi-Fi  : Есть (802.11 b/g/n)</li> \r\n</ul>\r\n\r\n<h4>Дисплей</h4>\r\n<ul>\r\n<li> - Тип дисплея  : TFT с LED подсветкой</li> \r\n<li> - Разрешение дисплея (пикс)  : 1280x720</li> \r\n<li> - Диагональ дисплея (дюйм)  : 4.3 </li>\r\n<li> - Сенсорный экран  : Есть </li>\r\n</ul>\r\n\r\n<h4>Система</h4>\r\n<ul>\r\n<li> - GPS-навигация  : Есть </li>\r\n<li> - Операционная система  : Android v2.3 </li>\r\n<li> - Частота проц. (МГц) : 1500 (Dual-core Qualcomm MSM8260 Snapdragon) </li>\r\n</ul>\r\n\r\n<h4>Мультимедиа</h4>\r\n<ul>\r\n<li> - Фотокамера : 12,1 Mпикс </li>\r\n<li> - Аудиоплеер : да </li>\r\n<li> - FM - радио : да </li>\r\n</ul>\r\n\r\n<h4>Корпус</h4>\r\n<ul>\r\n<li> - Тип корпуса : Классический </li>\r\n</ul>\r\n\r\n<h4>Память</h4>\r\n<ul>\r\n<li> - Встроенная память (Мб) : 32000</li>\r\n</ul>\r\n</div>', '1', '0', '1', '1', 34000, '2012-10-04', ''),
(35, 'Nokia 1280', 'Ключевики', 'Описание', 'phone-index.jpg', 13, '<p>Футуристичный смартфон Sony Xperia S под управлением ОС Android 2.3 Gingerbread с возможностью обновления до версии 4.0 Ice Cream Sandwich – первый из серии Xperia NXT, линейки смартфонов нового поколения.</p> \r\n\r\n<p>В нем объединились новейшие технологии и лучшие разработки Sony, достойный функционал и минималистичный дизайн.</p>', '<p>Футуристичный смартфон Sony Xperia S под управлением ОС Android 2.3 Gingerbread с возможностью обновления до версии 4.0 Ice Cream Sandwich – первый из серии Xperia NXT, линейки смартфонов нового поколения. В нем объединились новейшие технологии и лучшие разработки Sony, достойный функционал и минималистичный дизайн.</p> \r\n\r\n<p>Высокая производительность. Мощный двухъядерный процессор 1,5 ГГц Qualcomm Snapdragon MSM8260 гарантирует быстродействие любых игр и приложений.\r\nПревосходное качество изображения. 4,3-дюймовый HD 1280*720p экран Reality Display с технологией Mobile BRAVIA Engine обеспечивает потрясающие впечатления от просмотра изображений и видео с высоким разрешением.</p>\r\n\r\n<p>Удобство подключения к другим устройствам. Беспроводная связь на малых расстояниях (NFC) позволяет легко обмениваться информацией с другими пользователями и открывает доступ к многочисленным NFC-приложениям и услугам. Xperia S можно подключить к телевизору посредством Wi-Fi, DLNA, HDMI, а также использовать BRAVIA Sync для управления смартфоном с пульта ДУ телевизора.</p>\r\n				\r\n				\r\n<div class="tech-harakt">\r\n					<h3>Технические характеристики</h3>\r\n\r\n<h4>Связь</h4>\r\n<ul>\r\n<li> - 3G  : Есть </li>\r\n<li> - EDGE  : Есть </li>\r\n<li> - Wi-Fi  : Есть (802.11 b/g/n)</li> \r\n</ul>\r\n\r\n<h4>Дисплей</h4>\r\n<ul>\r\n<li> - Тип дисплея  : TFT с LED подсветкой</li> \r\n<li> - Разрешение дисплея (пикс)  : 1280x720</li> \r\n<li> - Диагональ дисплея (дюйм)  : 4.3 </li>\r\n<li> - Сенсорный экран  : Есть </li>\r\n</ul>\r\n\r\n<h4>Система</h4>\r\n<ul>\r\n<li> - GPS-навигация  : Есть </li>\r\n<li> - Операционная система  : Android v2.3 </li>\r\n<li> - Частота проц. (МГц) : 1500 (Dual-core Qualcomm MSM8260 Snapdragon) </li>\r\n</ul>\r\n\r\n<h4>Мультимедиа</h4>\r\n<ul>\r\n<li> - Фотокамера : 12,1 Mпикс </li>\r\n<li> - Аудиоплеер : да </li>\r\n<li> - FM - радио : да </li>\r\n</ul>\r\n\r\n<h4>Корпус</h4>\r\n<ul>\r\n<li> - Тип корпуса : Классический </li>\r\n</ul>\r\n\r\n<h4>Память</h4>\r\n<ul>\r\n<li> - Встроенная память (Мб) : 32000</li>\r\n</ul>\r\n</div>', '1', '1', '1', '0', 35000, '2012-10-05', ''),
(36, 'Новый товар', 'Шлюхи норм', 'Шлюхи норм', 'no_image.jpg', 6, '<p>\r\n	<span style="color: rgb(102, 102, 102); font-family: Tahoma; font-size: 14px;">Краткое описание:</span></p>', '<p>\r\n	<span style="color: rgb(102, 102, 102); font-family: Tahoma; font-size: 14px;">Подробное описание:</span></p>', '1', '1', '1', '1', 250.13, '2017-02-03', ''),
(37, 'Sony Xperia Z1', '', '', 'no_image.jpg', 2, '', '', '0', '1', '1', '1', 99999, '2017-02-03', ''),
(39, 'ZTE Axon 7 Grey', '', '', '39.jpg', 14, '<p>\r\n	<span style="color: rgb(51, 51, 51); font-family: Arial, Helvetica, FreeSans, &quot;Liberation Sans&quot;, &quot;Nimbus Sans L&quot;, sans-serif; font-size: 13.0013px;">Экран (5.5&quot;, AMOLED, 2560 x 1440)/ Qualcomm Snapdragon 820 (2 х 2.2 ГГц + 2 x 1.6 ГГц)/ основная камера: 20 Мп, фронтальная камера: 8 Мп/ RAM 4 ГБ/ 64 ГБ встроенной памяти + microSD/SDHC (до 128 ГБ)/ 3G/ LTE/ GPS/ поддержка 2х SIM-карт (Nano-SIM)/ Android 6.0 (Marshmallow) / 3250 мА*ч</span><br />\r\n	<span id="copyinfo" style="position: absolute; overflow: hidden; width: 1px; height: 1px; color: rgb(51, 51, 51); font-family: Arial, Helvetica, FreeSans, &quot;Liberation Sans&quot;, &quot;Nimbus Sans L&quot;, sans-serif; font-size: 13.0013px;">Подробнее:&nbsp;<a href="http://rozetka.com.ua/zte_axon7_grey/p11891839/" style="text-decoration: none; outline: none; color: rgb(157, 95, 175);">http://rozetka.com.ua/zte_axon7_grey/p11891839/</a></span></p>', '<p>\r\n	<span style="color: rgb(51, 51, 51); font-family: Arial, Helvetica, FreeSans, &quot;Liberation Sans&quot;, &quot;Nimbus Sans L&quot;, sans-serif; font-size: 13.0013px;">Экран (5.5&quot;, AMOLED, 2560 x 1440)/ Qualcomm Snapdragon 820 (2 х 2.2 ГГц + 2 x 1.6 ГГц)/ основная камера: 20 Мп, фронтальная камера: 8 Мп/ RAM 4 ГБ/ 64 ГБ встроенной памяти + microSD/SDHC (до 128 ГБ)/ 3G/ LTE/ GPS/ поддержка 2х SIM-карт (Nano-SIM)/ Android 6.0 (Marshmallow) / 3250 мА*ч</span></p>\r\n<p>\r\n	<span style="color: rgb(51, 51, 51); font-family: Arial, Helvetica, FreeSans, &quot;Liberation Sans&quot;, &quot;Nimbus Sans L&quot;, sans-serif; font-size: 13.0013px;">Экран (5.5&quot;, AMOLED, 2560 x 1440)/ Qualcomm Snapdragon 820 (2 х 2.2 ГГц + 2 x 1.6 ГГц)/ основная камера: 20 Мп, фронтальная камера: 8 Мп/ RAM 4 ГБ/ 64 ГБ встроенной памяти + microSD/SDHC (до 128 ГБ)/ 3G/ LTE/ GPS/ поддержка 2х SIM-карт (Nano-SIM)/ Android 6.0 (Marshmallow) / 3250 мА*ч</span><br />\r\n	<span id="copyinfo" style="position: absolute; overflow: hidden; width: 1px; height: 1px; color: rgb(51, 51, 51); font-family: Arial, Helvetica, FreeSans, &quot;Liberation Sans&quot;, &quot;Nimbus Sans L&quot;, sans-serif; font-size: 13.0013px;">Подробнее:&nbsp;<a href="http://rozetka.com.ua/zte_axon7_grey/p11891839/" style="text-decoration: none; outline: none; color: rgb(157, 95, 175);">http://rozetka.com.ua/zte_axon7_grey/p11891839/</a></span><span id="copyinfo" style="position: absolute; overflow: hidden; width: 1px; height: 1px; color: rgb(51, 51, 51); font-family: Arial, Helvetica, FreeSans, &quot;Liberation Sans&quot;, &quot;Nimbus Sans L&quot;, sans-serif; font-size: 13.0013px;">Подробнее:&nbsp;<a href="http://rozetka.com.ua/zte_axon7_grey/p11891839/" style="text-decoration: none; outline: none; color: rgb(157, 95, 175);">http://rozetka.com.ua/zte_axon7_grey/p11891839/</a></span></p>', '1', '1', '0', '0', 14999, '2017-02-03', NULL),
(40, 'ZTE Axon', 'фри шлюхи', '22', 'no_image.jpg', 14, '', '', '1', '0', '0', '0', 250.13, '2017-02-03', NULL),
(41, 'Новый товар', '', '', '41.jpg', 6, '', '', '1', '0', '0', '0', 250.13, '2017-02-03', NULL),
(48, 'Nvidia gtx 670', 'фри', 'Шлюхи', '48.jpg', 19, '<p>\r\n	fgdfg</p>', '<p>\r\n	dfgfdg</p>', '1', '1', '1', '1', 250.14, '2017-02-05', '48_0.jpg'),
(49, 'лох', '', '', '49.jpg', 19, '', '', '1', '0', '0', '0', 0, '2017-02-05', '49_0.jpg'),
(50, 'Apple iPhone 7 Plus 256GB Jet Black', '', '', '50.jpg', 2, '', '', '1', '0', '0', '0', 0, '2017-02-06', NULL);

-- --------------------------------------------------------

--
-- Table structure for table `informers`
--

CREATE TABLE IF NOT EXISTS `informers` (
  `informer_id` tinyint(3) unsigned NOT NULL AUTO_INCREMENT,
  `informer_name` varchar(255) NOT NULL,
  `informer_position` tinyint(3) unsigned NOT NULL DEFAULT '0',
  PRIMARY KEY (`informer_id`)
) ENGINE=MyISAM  DEFAULT CHARSET=utf8 AUTO_INCREMENT=5 ;

--
-- Dumping data for table `informers`
--

INSERT INTO `informers` (`informer_id`, `informer_name`, `informer_position`) VALUES
(1, 'Способы оплаты', 2),
(2, 'Доставка', 1),
(3, 'Информация для вас', 3),
(4, 'Тест', 0);

-- --------------------------------------------------------

--
-- Table structure for table `links`
--

CREATE TABLE IF NOT EXISTS `links` (
  `link_id` tinyint(3) unsigned NOT NULL AUTO_INCREMENT,
  `link_name` varchar(255) NOT NULL,
  `parent_informer` tinyint(3) unsigned NOT NULL,
  `links_position` tinyint(3) unsigned NOT NULL DEFAULT '0',
  `keywords` varchar(255) NOT NULL,
  `description` varchar(255) NOT NULL,
  `text` text NOT NULL,
  PRIMARY KEY (`link_id`)
) ENGINE=MyISAM  DEFAULT CHARSET=utf8 AUTO_INCREMENT=14 ;

--
-- Dumping data for table `links`
--

INSERT INTO `links` (`link_id`, `link_name`, `parent_informer`, `links_position`, `keywords`, `description`, `text`) VALUES
(1, 'Наличный расчет', 1, 1, 'Ключевики статьи наличный расчет', 'Описание статьи наличный расчет', '<p>Текст статьи наличный расчет</p>'),
(2, 'Пластиковой картой', 1, 2, 'Ключевики статьи пластиковой картой', 'Описание статьи пластиковой картой', '<p>Текст статьи пластиковой картой</p>'),
(3, 'Кредит', 1, 5, 'Ключевики статьи кредит', 'Описание статьи кредит', '<p>Текст статьи кредит</p>'),
(4, 'Рассчитать кредит', 1, 4, 'Ключевики статьи рассчитать кредит', 'Описание статьи рассчитать кредит', '<p>Текст статьи рассчитать кредит</p>'),
(5, 'Безналичный расчет', 1, 3, 'Ключевики статьи безналичный расчет', 'Описание статьи безналичный расчет', '<p>Текст статьи безналичный расчет</p>'),
(6, 'Почта России', 2, 1, 'ключевики', 'описание', '<p>Текст почта России</p>'),
(7, 'Курьерская служба', 2, 2, 'Ключевики', 'Описание', '<p>Текст курьерская служба</p>'),
(8, 'Гарантия', 3, 1, 'Ключевики', 'Описание', '<p>Текст статьи гарантия</p>'),
(9, 'Как выбрать телефон', 3, 2, 'Ключевики', 'Описание', '<p>Текст статьи как выбрать телефон</p>'),
(10, 'Ремонт и обслуживание', 3, 3, 'Ключевики', 'Описание', '<p>Текст статьи Ремонт и обслуживание</p>'),
(11, 'Акции и новинки', 3, 4, 'Ключевики', 'Описание', '<p>Текст статьи Акции и новинки</p>'),
(12, 'Условия доставки', 3, 5, 'Ключевики', 'Описание', '<p>Текст статьи Условия доставки</p>');

-- --------------------------------------------------------

--
-- Table structure for table `news`
--

CREATE TABLE IF NOT EXISTS `news` (
  `news_id` int(10) unsigned NOT NULL AUTO_INCREMENT,
  `title` varchar(255) NOT NULL,
  `keywords` varchar(255) NOT NULL,
  `description` varchar(255) NOT NULL,
  `anons` text NOT NULL,
  `text` text NOT NULL,
  `date` date NOT NULL,
  PRIMARY KEY (`news_id`)
) ENGINE=MyISAM  DEFAULT CHARSET=utf8 AUTO_INCREMENT=6 ;

--
-- Dumping data for table `news`
--

INSERT INTO `news` (`news_id`, `title`, `keywords`, `description`, `anons`, `text`, `date`) VALUES
(3, 'Скоро в продаже iPhone 5', '', '', '<p>Скоро в продаже iPhone 5 Скоро в продаже iPhone 5 Скоро в продаже iPhone 5 Скоро в продаже iPhone 5 Скоро в продаже iPhone 5 Скоро в продаже iPhone 5 Скоро в продаже iPhone 5 Скоро в продаже iPhone 5</p>', '<p>Скоро в продаже iPhone 5 Скоро в продаже iPhone 5 Скоро в продаже iPhone 5 Скоро в продаже iPhone 5 Скоро в продаже iPhone 5 Скоро в продаже iPhone 5 Скоро в продаже iPhone 5 Скоро в продаже iPhone 5</p>\r\n<p>Скоро в продаже iPhone 5 Скоро в продаже iPhone 5 Скоро в продаже iPhone 5 Скоро в продаже iPhone 5 Скоро в продаже iPhone 5 Скоро в продаже iPhone 5 Скоро в продаже iPhone 5 Скоро в продаже iPhone 5</p>', '2012-10-22'),
(1, 'Поступили в продажу новые телефоны Samsung', '', '', '<p>Поступили в продажу новые телефоны Samsung Поступили в продажу новые телефоны Samsung Поступили в продажу новые телефоны Samsung Поступили в продажу новые телефоны Samsung Поступили в продажу новые телефоны Samsung Поступили в продажу новые телефоны Samsung Поступили в продажу новые телефоны Samsung Поступили в продажу новые телефоны Samsung</p>', '<p>Поступили в продажу новые телефоны Samsung Поступили в продажу новые телефоны Samsung Поступили в продажу новые телефоны Samsung Поступили в продажу новые телефоны Samsung Поступили в продажу новые телефоны Samsung Поступили в продажу новые телефоны Samsung Поступили в продажу новые телефоны Samsung Поступили в продажу новые телефоны Samsung</p>\r\n<p>Поступили в продажу новые телефоны Samsung Поступили в продажу новые телефоны Samsung Поступили в продажу новые телефоны Samsung Поступили в продажу новые телефоны Samsung Поступили в продажу новые телефоны Samsung Поступили в продажу новые телефоны Samsung Поступили в продажу новые телефоны Samsung Поступили в продажу новые телефоны Samsung</p>', '2012-10-01'),
(2, 'Подарки всем купившим iPhone 4s', '', '', '<p>Подарки всем купившим iPhone 4s Подарки всем купившим iPhone 4s Подарки всем купившим iPhone 4s Подарки всем купившим iPhone 4s Подарки всем купившим iPhone 4s Подарки всем купившим iPhone 4s Подарки всем купившим iPhone 4s</p>', '<p>Подарки всем купившим iPhone 4s Подарки всем купившим iPhone 4s Подарки всем купившим iPhone 4s Подарки всем купившим iPhone 4s Подарки всем купившим iPhone 4s Подарки всем купившим iPhone 4s Подарки всем купившим iPhone 4s</p>\r\n<p>Подарки всем купившим iPhone 4s Подарки всем купившим iPhone 4s Подарки всем купившим iPhone 4s Подарки всем купившим iPhone 4s Подарки всем купившим iPhone 4s Подарки всем купившим iPhone 4s Подарки всем купившим iPhone 4s</p>', '2012-10-10'),
(4, 'Новая Nokia Lumia', 'ключевики', 'описание', '<p>\r\n	Предлагаем Вашему вниманию новую модель Nokia</p>', '<p>\r\n	Предлагаем Вашему вниманию новую модель Nokia</p>\r\n<p>\r\n	Nokia Lumia!</p>', '2013-01-24');

-- --------------------------------------------------------

--
-- Table structure for table `orders`
--

CREATE TABLE IF NOT EXISTS `orders` (
  `order_id` int(10) unsigned NOT NULL AUTO_INCREMENT,
  `customer_id` int(10) unsigned NOT NULL,
  `date` datetime NOT NULL,
  `dostavka_id` tinyint(3) unsigned NOT NULL,
  `status` enum('0','1') NOT NULL DEFAULT '0',
  `prim` text NOT NULL,
  PRIMARY KEY (`order_id`)
) ENGINE=MyISAM  DEFAULT CHARSET=utf8 AUTO_INCREMENT=17 ;

--
-- Dumping data for table `orders`
--

INSERT INTO `orders` (`order_id`, `customer_id`, `date`, `dostavka_id`, `status`, `prim`) VALUES
(16, 1, '2017-02-09 00:29:51', 2, '1', 'нахуй идите'),
(15, 26, '2017-02-08 22:49:29', 1, '1', ''),
(14, 1, '2017-02-07 21:18:43', 2, '1', 'Пидары можно быстрее!!!!'),
(13, 1, '2017-02-07 20:58:32', 4, '1', '111');

-- --------------------------------------------------------

--
-- Table structure for table `pages`
--

CREATE TABLE IF NOT EXISTS `pages` (
  `page_id` tinyint(3) unsigned NOT NULL AUTO_INCREMENT,
  `title` varchar(255) NOT NULL,
  `keywords` varchar(255) NOT NULL,
  `description` varchar(255) NOT NULL,
  `position` tinyint(3) unsigned NOT NULL DEFAULT '0',
  `text` text NOT NULL,
  PRIMARY KEY (`page_id`)
) ENGINE=MyISAM  DEFAULT CHARSET=utf8 AUTO_INCREMENT=6 ;

--
-- Dumping data for table `pages`
--

INSERT INTO `pages` (`page_id`, `title`, `keywords`, `description`, `position`, `text`) VALUES
(1, 'О магазине', 'Ключевики страницы "О магазине"', 'Описание страницы "О магазине"', 1, '<p>Some textSome textSome textSome textSome textSome textSome textSome textSome textSome textSome textSome textSome textSome textSome textSome textSome textSome textSome textSome textSome textSome textSome textSome textSome textSome textSome textSome textSome textSome textSome textSome textSome textSome textSome textSome textSome textSome textSome textSome textSome textSome textvvSome text</p>\r\n<p>Some textSome textSome textSome textSome textSome textSome textSome textSome textSome textSome textSome textSome textSome textSome textSome textSome textSome textSome textSome textSome textSome textSome textSome textSome textSome textSome textSome textSome textSome textSome textSome textSome textSome textSome textSome textSome textSome textSome textSome textSome textSome textvvSome text</p>'),
(2, 'Оплата и доставка', 'ключевики', 'описание', 2, '<p>\r\n	<img alt="" src="http://ishop/userfiles/upload/images/1.jpg" style="width: 150px; height: 113px; float: left; margin-left: 5px; margin-right: 5px;" />Some textSome textSome textSome textSome textSome textSome textSome textSome textSome textSome textSome textSome textSome textSome textSome textSome textSome textSome textSome textSome textSome textSome textSome textSome textSome textSome textSome textSome textSome textSome textSome textSome textSome textSome textSome textSome textSome textSome textSome textSome textSome textvvSome text</p>\r\n<p>\r\n	Some textSome textSome textSome textSome textSome textSome textSome textSome textSome textSome textSome textSome textSome textSome textSome textSome textSome textSome textSome textSome textSome textSome textSome textSome textSome textSome textSome textSome textSome textSome textSome textSome textSome textSome textSome textSome textSome textSome textSome textSome textSome textvvSome text</p>'),
(3, 'Покупка в кредит', '', '', 3, '<p>Some textSome textSome textSome textSome textSome textSome textSome textSome textSome textSome textSome textSome textSome textSome textSome textSome textSome textSome textSome textSome textSome textSome textSome textSome textSome textSome textSome textSome textSome textSome textSome textSome textSome textSome textSome textSome textSome textSome textSome textSome textSome textvvSome text</p>\r\n<p>Some textSome textSome textSome textSome textSome textSome textSome textSome textSome textSome textSome textSome textSome textSome textSome textSome textSome textSome textSome textSome textSome textSome textSome textSome textSome textSome textSome textSome textSome textSome textSome textSome textSome textSome textSome textSome textSome textSome textSome textSome textSome textvvSome text</p>'),
(4, 'Контакты', '', '', 4, '<p>Some textSome textSome textSome textSome textSome textSome textSome textSome textSome textSome textSome textSome textSome textSome textSome textSome textSome textSome textSome textSome textSome textSome textSome textSome textSome textSome textSome textSome textSome textSome textSome textSome textSome textSome textSome textSome textSome textSome textSome textSome textSome textvvSome text</p>\r\n<p>Some textSome textSome textSome textSome textSome textSome textSome textSome textSome textSome textSome textSome textSome textSome textSome textSome textSome textSome textSome textSome textSome textSome textSome textSome textSome textSome textSome textSome textSome textSome textSome textSome textSome textSome textSome textSome textSome textSome textSome textSome textSome textvvSome text</p>');

-- --------------------------------------------------------

--
-- Table structure for table `roles`
--

CREATE TABLE IF NOT EXISTS `roles` (
  `id_role` tinyint(3) unsigned NOT NULL AUTO_INCREMENT,
  `name_role` varchar(255) NOT NULL,
  PRIMARY KEY (`id_role`)
) ENGINE=InnoDB  DEFAULT CHARSET=utf8 AUTO_INCREMENT=3 ;

--
-- Dumping data for table `roles`
--

INSERT INTO `roles` (`id_role`, `name_role`) VALUES
(1, 'Пользователь'),
(2, 'Администратор');

-- --------------------------------------------------------

--
-- Table structure for table `zakaz_tovar`
--

CREATE TABLE IF NOT EXISTS `zakaz_tovar` (
  `zakaz_tovar_id` int(10) unsigned NOT NULL AUTO_INCREMENT,
  `orders_id` int(10) unsigned NOT NULL,
  `goods_id` int(10) unsigned NOT NULL,
  `quantity` tinyint(3) unsigned NOT NULL,
  `name` varchar(255) NOT NULL,
  `price` float NOT NULL,
  PRIMARY KEY (`zakaz_tovar_id`)
) ENGINE=MyISAM  DEFAULT CHARSET=utf8 AUTO_INCREMENT=27 ;

--
-- Dumping data for table `zakaz_tovar`
--

INSERT INTO `zakaz_tovar` (`zakaz_tovar_id`, `orders_id`, `goods_id`, `quantity`, `name`, `price`) VALUES
(26, 16, 13, 1, 'Nokia C2-06 Lilac', 9400),
(25, 16, 1, 1, 'Alcatel OT890D', 5000),
(24, 16, 10, 1, 'Sony Xperia P LT22i Silver', 21000),
(23, 15, 10, 1, 'Sony Xperia P LT22i Silver', 21000),
(22, 14, 48, 1, 'Nvidia gtx 670', 250.14),
(21, 13, 2, 1, 'Sony Xperia Acro S LT26W Black', 10000);

/*!40101 SET CHARACTER_SET_CLIENT=@OLD_CHARACTER_SET_CLIENT */;
/*!40101 SET CHARACTER_SET_RESULTS=@OLD_CHARACTER_SET_RESULTS */;
/*!40101 SET COLLATION_CONNECTION=@OLD_COLLATION_CONNECTION */;
